<?xml version='1.0' encoding='UTF-8' standalone='no'?>
<doxygen xmlns:xsi="http://www.w3.org/2001/XMLSchema-instance" xsi:noNamespaceSchemaLocation="compound.xsd" version="1.8.11">
  <compounddef id="class_numerical_solver" kind="class" language="C++" prot="public">
    <compoundname>NumericalSolver</compoundname>
      <sectiondef kind="public-attrib">
      <memberdef kind="variable" id="class_numerical_solver_1afb8890c4e2ca28d83618ebb8d5d92a40" prot="public" static="no" mutable="no">
        <type>long double</type>
        <definition>long double NumericalSolver::epsilon</definition>
        <argsstring></argsstring>
        <name>epsilon</name>
        <briefdescription>
        </briefdescription>
        <detaileddescription>
        </detaileddescription>
        <inbodydescription>
        </inbodydescription>
        <location file="include/solver.h" line="18" column="1" bodyfile="include/solver.h" bodystart="18" bodyend="-1"/>
      </memberdef>
      <memberdef kind="variable" id="class_numerical_solver_1a820f9ececb6053b7c698b713fe63b8d4" prot="public" static="no" mutable="no">
        <type>long double</type>
        <definition>long double NumericalSolver::t</definition>
        <argsstring></argsstring>
        <name>t</name>
        <briefdescription>
        </briefdescription>
        <detaileddescription>
        </detaileddescription>
        <inbodydescription>
        </inbodydescription>
        <location file="include/solver.h" line="18" column="1" bodyfile="include/solver.h" bodystart="18" bodyend="-1"/>
      </memberdef>
      <memberdef kind="variable" id="class_numerical_solver_1abfd49621bc1dc6a3d9ab17fcf927e900" prot="public" static="no" mutable="no">
        <type>long double</type>
        <definition>long double NumericalSolver::y</definition>
        <argsstring></argsstring>
        <name>y</name>
        <briefdescription>
        </briefdescription>
        <detaileddescription>
        </detaileddescription>
        <inbodydescription>
        </inbodydescription>
        <location file="include/solver.h" line="18" column="1" bodyfile="include/solver.h" bodystart="18" bodyend="-1"/>
      </memberdef>
      <memberdef kind="variable" id="class_numerical_solver_1a61c3dbeb72ea9e38497cab19e2a13dd0" prot="public" static="no" mutable="no">
        <type>long double</type>
        <definition>long double NumericalSolver::h</definition>
        <argsstring></argsstring>
        <name>h</name>
        <briefdescription>
        </briefdescription>
        <detaileddescription>
        </detaileddescription>
        <inbodydescription>
        </inbodydescription>
        <location file="include/solver.h" line="18" column="1" bodyfile="include/solver.h" bodystart="18" bodyend="-1"/>
      </memberdef>
      <memberdef kind="variable" id="class_numerical_solver_1ae084d982a43c4e79dfc64709a98bf2a8" prot="public" static="no" mutable="no">
        <type>long double</type>
        <definition>long double NumericalSolver::h_min</definition>
        <argsstring></argsstring>
        <name>h_min</name>
        <briefdescription>
        </briefdescription>
        <detaileddescription>
        </detaileddescription>
        <inbodydescription>
        </inbodydescription>
        <location file="include/solver.h" line="18" column="1" bodyfile="include/solver.h" bodystart="18" bodyend="-1"/>
      </memberdef>
      <memberdef kind="variable" id="class_numerical_solver_1acf5b7cda252abcad36fc7cd4744d94ee" prot="public" static="no" mutable="no">
        <type>long double</type>
        <definition>long double NumericalSolver::h_max</definition>
        <argsstring></argsstring>
        <name>h_max</name>
        <briefdescription>
        </briefdescription>
        <detaileddescription>
        </detaileddescription>
        <inbodydescription>
        </inbodydescription>
        <location file="include/solver.h" line="18" column="1" bodyfile="include/solver.h" bodystart="18" bodyend="-1"/>
      </memberdef>
      <memberdef kind="variable" id="class_numerical_solver_1a4a12d3cb2fe4d57959c4afadf83587fe" prot="public" static="no" mutable="no">
        <type>long double</type>
        <definition>long double NumericalSolver::a21</definition>
        <argsstring></argsstring>
        <name>a21</name>
        <briefdescription>
        </briefdescription>
        <detaileddescription>
        </detaileddescription>
        <inbodydescription>
        </inbodydescription>
        <location file="include/solver.h" line="20" column="1" bodyfile="include/solver.h" bodystart="20" bodyend="-1"/>
      </memberdef>
      <memberdef kind="variable" id="class_numerical_solver_1ac7342c2cc07fe0615c67c0201f18b6f2" prot="public" static="no" mutable="no">
        <type>long double</type>
        <definition>long double NumericalSolver::a31</definition>
        <argsstring></argsstring>
        <name>a31</name>
        <briefdescription>
        </briefdescription>
        <detaileddescription>
        </detaileddescription>
        <inbodydescription>
        </inbodydescription>
        <location file="include/solver.h" line="20" column="1" bodyfile="include/solver.h" bodystart="20" bodyend="-1"/>
      </memberdef>
      <memberdef kind="variable" id="class_numerical_solver_1aab4f92c00be318b92ddb98490b74873c" prot="public" static="no" mutable="no">
        <type>long double</type>
        <definition>long double NumericalSolver::a32</definition>
        <argsstring></argsstring>
        <name>a32</name>
        <briefdescription>
        </briefdescription>
        <detaileddescription>
        </detaileddescription>
        <inbodydescription>
        </inbodydescription>
        <location file="include/solver.h" line="20" column="1" bodyfile="include/solver.h" bodystart="20" bodyend="-1"/>
      </memberdef>
      <memberdef kind="variable" id="class_numerical_solver_1a03392893e3f74427a1a9e37e95b68d38" prot="public" static="no" mutable="no">
        <type>long double</type>
        <definition>long double NumericalSolver::a41</definition>
        <argsstring></argsstring>
        <name>a41</name>
        <briefdescription>
        </briefdescription>
        <detaileddescription>
        </detaileddescription>
        <inbodydescription>
        </inbodydescription>
        <location file="include/solver.h" line="20" column="1" bodyfile="include/solver.h" bodystart="20" bodyend="-1"/>
      </memberdef>
      <memberdef kind="variable" id="class_numerical_solver_1a5296cbd0ddb9831e9956c449a4e6cd8f" prot="public" static="no" mutable="no">
        <type>long double</type>
        <definition>long double NumericalSolver::a42</definition>
        <argsstring></argsstring>
        <name>a42</name>
        <briefdescription>
        </briefdescription>
        <detaileddescription>
        </detaileddescription>
        <inbodydescription>
        </inbodydescription>
        <location file="include/solver.h" line="20" column="1" bodyfile="include/solver.h" bodystart="20" bodyend="-1"/>
      </memberdef>
      <memberdef kind="variable" id="class_numerical_solver_1a7e4b18d68e7dcde10516f8235a0d7f30" prot="public" static="no" mutable="no">
        <type>long double</type>
        <definition>long double NumericalSolver::a43</definition>
        <argsstring></argsstring>
        <name>a43</name>
        <briefdescription>
        </briefdescription>
        <detaileddescription>
        </detaileddescription>
        <inbodydescription>
        </inbodydescription>
        <location file="include/solver.h" line="20" column="1" bodyfile="include/solver.h" bodystart="20" bodyend="-1"/>
      </memberdef>
      <memberdef kind="variable" id="class_numerical_solver_1a83fea8ee882c5ce66bab8cc1e9e8dbc8" prot="public" static="no" mutable="no">
        <type>long double</type>
        <definition>long double NumericalSolver::a51</definition>
        <argsstring></argsstring>
        <name>a51</name>
        <briefdescription>
        </briefdescription>
        <detaileddescription>
        </detaileddescription>
        <inbodydescription>
        </inbodydescription>
        <location file="include/solver.h" line="20" column="1" bodyfile="include/solver.h" bodystart="20" bodyend="-1"/>
      </memberdef>
      <memberdef kind="variable" id="class_numerical_solver_1ae3c12d6b4663e9e440b85aee47c8b47b" prot="public" static="no" mutable="no">
        <type>long double</type>
        <definition>long double NumericalSolver::a52</definition>
        <argsstring></argsstring>
        <name>a52</name>
        <briefdescription>
        </briefdescription>
        <detaileddescription>
        </detaileddescription>
        <inbodydescription>
        </inbodydescription>
        <location file="include/solver.h" line="20" column="1" bodyfile="include/solver.h" bodystart="20" bodyend="-1"/>
      </memberdef>
      <memberdef kind="variable" id="class_numerical_solver_1a88bf012d7679849890b0b1972051ec88" prot="public" static="no" mutable="no">
        <type>long double</type>
        <definition>long double NumericalSolver::a53</definition>
        <argsstring></argsstring>
        <name>a53</name>
        <briefdescription>
        </briefdescription>
        <detaileddescription>
        </detaileddescription>
        <inbodydescription>
        </inbodydescription>
        <location file="include/solver.h" line="20" column="1" bodyfile="include/solver.h" bodystart="20" bodyend="-1"/>
      </memberdef>
      <memberdef kind="variable" id="class_numerical_solver_1a958f7b76784d340ac947179bd7c24b81" prot="public" static="no" mutable="no">
        <type>long double</type>
        <definition>long double NumericalSolver::a54</definition>
        <argsstring></argsstring>
        <name>a54</name>
        <briefdescription>
        </briefdescription>
        <detaileddescription>
        </detaileddescription>
        <inbodydescription>
        </inbodydescription>
        <location file="include/solver.h" line="20" column="1" bodyfile="include/solver.h" bodystart="20" bodyend="-1"/>
      </memberdef>
      <memberdef kind="variable" id="class_numerical_solver_1ae071af6e19e60053b854d2cd8db5c652" prot="public" static="no" mutable="no">
        <type>long double</type>
        <definition>long double NumericalSolver::a61</definition>
        <argsstring></argsstring>
        <name>a61</name>
        <briefdescription>
        </briefdescription>
        <detaileddescription>
        </detaileddescription>
        <inbodydescription>
        </inbodydescription>
        <location file="include/solver.h" line="20" column="1" bodyfile="include/solver.h" bodystart="20" bodyend="-1"/>
      </memberdef>
      <memberdef kind="variable" id="class_numerical_solver_1a430fe6458279b591395e75076744d7cb" prot="public" static="no" mutable="no">
        <type>long double</type>
        <definition>long double NumericalSolver::a62</definition>
        <argsstring></argsstring>
        <name>a62</name>
        <briefdescription>
        </briefdescription>
        <detaileddescription>
        </detaileddescription>
        <inbodydescription>
        </inbodydescription>
        <location file="include/solver.h" line="20" column="1" bodyfile="include/solver.h" bodystart="20" bodyend="-1"/>
      </memberdef>
      <memberdef kind="variable" id="class_numerical_solver_1ae6b9e8d173b12139cda750ec391b040d" prot="public" static="no" mutable="no">
        <type>long double</type>
        <definition>long double NumericalSolver::a63</definition>
        <argsstring></argsstring>
        <name>a63</name>
        <briefdescription>
        </briefdescription>
        <detaileddescription>
        </detaileddescription>
        <inbodydescription>
        </inbodydescription>
        <location file="include/solver.h" line="20" column="1" bodyfile="include/solver.h" bodystart="20" bodyend="-1"/>
      </memberdef>
      <memberdef kind="variable" id="class_numerical_solver_1a106096496b16b7766d6df4648ebeba5e" prot="public" static="no" mutable="no">
        <type>long double</type>
        <definition>long double NumericalSolver::a64</definition>
        <argsstring></argsstring>
        <name>a64</name>
        <briefdescription>
        </briefdescription>
        <detaileddescription>
        </detaileddescription>
        <inbodydescription>
        </inbodydescription>
        <location file="include/solver.h" line="20" column="1" bodyfile="include/solver.h" bodystart="20" bodyend="-1"/>
      </memberdef>
      <memberdef kind="variable" id="class_numerical_solver_1a68f838e70f4e9a48572361fed9be0d37" prot="public" static="no" mutable="no">
        <type>long double</type>
        <definition>long double NumericalSolver::a65</definition>
        <argsstring></argsstring>
        <name>a65</name>
        <briefdescription>
        </briefdescription>
        <detaileddescription>
        </detaileddescription>
        <inbodydescription>
        </inbodydescription>
        <location file="include/solver.h" line="21" column="1" bodyfile="include/solver.h" bodystart="20" bodyend="-1"/>
      </memberdef>
      <memberdef kind="variable" id="class_numerical_solver_1a3a317078414074b35576a56b52c990e9" prot="public" static="no" mutable="no">
        <type>long double</type>
        <definition>long double NumericalSolver::a71</definition>
        <argsstring></argsstring>
        <name>a71</name>
        <briefdescription>
        </briefdescription>
        <detaileddescription>
        </detaileddescription>
        <inbodydescription>
        </inbodydescription>
        <location file="include/solver.h" line="21" column="1" bodyfile="include/solver.h" bodystart="20" bodyend="-1"/>
      </memberdef>
      <memberdef kind="variable" id="class_numerical_solver_1a7e39ec51fe853923df65ae2beea5c052" prot="public" static="no" mutable="no">
        <type>long double</type>
        <definition>long double NumericalSolver::a72</definition>
        <argsstring></argsstring>
        <name>a72</name>
        <briefdescription>
        </briefdescription>
        <detaileddescription>
        </detaileddescription>
        <inbodydescription>
        </inbodydescription>
        <location file="include/solver.h" line="21" column="1" bodyfile="include/solver.h" bodystart="20" bodyend="-1"/>
      </memberdef>
      <memberdef kind="variable" id="class_numerical_solver_1a9f95c14fab884bf26aa28925dd11fafb" prot="public" static="no" mutable="no">
        <type>long double</type>
        <definition>long double NumericalSolver::a73</definition>
        <argsstring></argsstring>
        <name>a73</name>
        <briefdescription>
        </briefdescription>
        <detaileddescription>
        </detaileddescription>
        <inbodydescription>
        </inbodydescription>
        <location file="include/solver.h" line="21" column="1" bodyfile="include/solver.h" bodystart="20" bodyend="-1"/>
      </memberdef>
      <memberdef kind="variable" id="class_numerical_solver_1aaf7b397e5d20e9d231f41815b7d449df" prot="public" static="no" mutable="no">
        <type>long double</type>
        <definition>long double NumericalSolver::a74</definition>
        <argsstring></argsstring>
        <name>a74</name>
        <briefdescription>
        </briefdescription>
        <detaileddescription>
        </detaileddescription>
        <inbodydescription>
        </inbodydescription>
        <location file="include/solver.h" line="21" column="1" bodyfile="include/solver.h" bodystart="20" bodyend="-1"/>
      </memberdef>
      <memberdef kind="variable" id="class_numerical_solver_1a5a9ea766c579b905b2db2b13a2515bab" prot="public" static="no" mutable="no">
        <type>long double</type>
        <definition>long double NumericalSolver::a75</definition>
        <argsstring></argsstring>
        <name>a75</name>
        <briefdescription>
        </briefdescription>
        <detaileddescription>
        </detaileddescription>
        <inbodydescription>
        </inbodydescription>
        <location file="include/solver.h" line="21" column="1" bodyfile="include/solver.h" bodystart="20" bodyend="-1"/>
      </memberdef>
      <memberdef kind="variable" id="class_numerical_solver_1a6f8184a3b4c2617889cc09b9c23f55e2" prot="public" static="no" mutable="no">
        <type>long double</type>
        <definition>long double NumericalSolver::a76</definition>
        <argsstring></argsstring>
        <name>a76</name>
        <briefdescription>
        </briefdescription>
        <detaileddescription>
        </detaileddescription>
        <inbodydescription>
        </inbodydescription>
        <location file="include/solver.h" line="21" column="1" bodyfile="include/solver.h" bodystart="20" bodyend="-1"/>
      </memberdef>
      <memberdef kind="variable" id="class_numerical_solver_1a4eb3e49b7a0b1fdd22563418fcabfd77" prot="public" static="no" mutable="no">
        <type>long double</type>
        <definition>long double NumericalSolver::c2</definition>
        <argsstring></argsstring>
        <name>c2</name>
        <briefdescription>
        </briefdescription>
        <detaileddescription>
        </detaileddescription>
        <inbodydescription>
        </inbodydescription>
        <location file="include/solver.h" line="21" column="1" bodyfile="include/solver.h" bodystart="20" bodyend="-1"/>
      </memberdef>
      <memberdef kind="variable" id="class_numerical_solver_1a0570fa7009b46ce177caef91a3c5e1cf" prot="public" static="no" mutable="no">
        <type>long double</type>
        <definition>long double NumericalSolver::c3</definition>
        <argsstring></argsstring>
        <name>c3</name>
        <briefdescription>
        </briefdescription>
        <detaileddescription>
        </detaileddescription>
        <inbodydescription>
        </inbodydescription>
        <location file="include/solver.h" line="21" column="1" bodyfile="include/solver.h" bodystart="20" bodyend="-1"/>
      </memberdef>
      <memberdef kind="variable" id="class_numerical_solver_1a625be6001aa5e1dd7d36ad66c3d7f9ff" prot="public" static="no" mutable="no">
        <type>long double</type>
        <definition>long double NumericalSolver::c4</definition>
        <argsstring></argsstring>
        <name>c4</name>
        <briefdescription>
        </briefdescription>
        <detaileddescription>
        </detaileddescription>
        <inbodydescription>
        </inbodydescription>
        <location file="include/solver.h" line="21" column="1" bodyfile="include/solver.h" bodystart="20" bodyend="-1"/>
      </memberdef>
      <memberdef kind="variable" id="class_numerical_solver_1a4f9fef3a4e2996b63d064c2833195aa7" prot="public" static="no" mutable="no">
        <type>long double</type>
        <definition>long double NumericalSolver::c5</definition>
        <argsstring></argsstring>
        <name>c5</name>
        <briefdescription>
        </briefdescription>
        <detaileddescription>
        </detaileddescription>
        <inbodydescription>
        </inbodydescription>
        <location file="include/solver.h" line="21" column="1" bodyfile="include/solver.h" bodystart="20" bodyend="-1"/>
      </memberdef>
      <memberdef kind="variable" id="class_numerical_solver_1ac1f0a84f237acbafbdc03b81c0f8c775" prot="public" static="no" mutable="no">
        <type>long double</type>
        <definition>long double NumericalSolver::c6</definition>
        <argsstring></argsstring>
        <name>c6</name>
        <briefdescription>
        </briefdescription>
        <detaileddescription>
        </detaileddescription>
        <inbodydescription>
        </inbodydescription>
        <location file="include/solver.h" line="21" column="1" bodyfile="include/solver.h" bodystart="20" bodyend="-1"/>
      </memberdef>
      <memberdef kind="variable" id="class_numerical_solver_1ada4bd22795caa2a04083bf4d329be842" prot="public" static="no" mutable="no">
        <type>long double</type>
        <definition>long double NumericalSolver::c7</definition>
        <argsstring></argsstring>
        <name>c7</name>
        <briefdescription>
        </briefdescription>
        <detaileddescription>
        </detaileddescription>
        <inbodydescription>
        </inbodydescription>
        <location file="include/solver.h" line="21" column="1" bodyfile="include/solver.h" bodystart="20" bodyend="-1"/>
      </memberdef>
      <memberdef kind="variable" id="class_numerical_solver_1ad8e9b376edb4947c43a63fff1febac30" prot="public" static="no" mutable="no">
        <type>long double</type>
        <definition>long double NumericalSolver::b11</definition>
        <argsstring></argsstring>
        <name>b11</name>
        <briefdescription>
        </briefdescription>
        <detaileddescription>
        </detaileddescription>
        <inbodydescription>
        </inbodydescription>
        <location file="include/solver.h" line="21" column="1" bodyfile="include/solver.h" bodystart="20" bodyend="-1"/>
      </memberdef>
      <memberdef kind="variable" id="class_numerical_solver_1ade1238dee1b62e9e2592889ac06048c0" prot="public" static="no" mutable="no">
        <type>long double</type>
        <definition>long double NumericalSolver::b12</definition>
        <argsstring></argsstring>
        <name>b12</name>
        <briefdescription>
        </briefdescription>
        <detaileddescription>
        </detaileddescription>
        <inbodydescription>
        </inbodydescription>
        <location file="include/solver.h" line="21" column="1" bodyfile="include/solver.h" bodystart="20" bodyend="-1"/>
      </memberdef>
      <memberdef kind="variable" id="class_numerical_solver_1ae69c75b1d7ecd2f62dc29f23230ba1af" prot="public" static="no" mutable="no">
        <type>long double</type>
        <definition>long double NumericalSolver::b13</definition>
        <argsstring></argsstring>
        <name>b13</name>
        <briefdescription>
        </briefdescription>
        <detaileddescription>
        </detaileddescription>
        <inbodydescription>
        </inbodydescription>
        <location file="include/solver.h" line="21" column="1" bodyfile="include/solver.h" bodystart="20" bodyend="-1"/>
      </memberdef>
      <memberdef kind="variable" id="class_numerical_solver_1a092eae02f3835e4612090373e66f6264" prot="public" static="no" mutable="no">
        <type>long double</type>
        <definition>long double NumericalSolver::b14</definition>
        <argsstring></argsstring>
        <name>b14</name>
        <briefdescription>
        </briefdescription>
        <detaileddescription>
        </detaileddescription>
        <inbodydescription>
        </inbodydescription>
        <location file="include/solver.h" line="22" column="1" bodyfile="include/solver.h" bodystart="20" bodyend="-1"/>
      </memberdef>
      <memberdef kind="variable" id="class_numerical_solver_1a6e1da4c2d5ea3efd65fdc60b85d4fe6e" prot="public" static="no" mutable="no">
        <type>long double</type>
        <definition>long double NumericalSolver::b15</definition>
        <argsstring></argsstring>
        <name>b15</name>
        <briefdescription>
        </briefdescription>
        <detaileddescription>
        </detaileddescription>
        <inbodydescription>
        </inbodydescription>
        <location file="include/solver.h" line="22" column="1" bodyfile="include/solver.h" bodystart="20" bodyend="-1"/>
      </memberdef>
      <memberdef kind="variable" id="class_numerical_solver_1a6756b4ba3befd89e1f1e21eeaecc0d11" prot="public" static="no" mutable="no">
        <type>long double</type>
        <definition>long double NumericalSolver::b16</definition>
        <argsstring></argsstring>
        <name>b16</name>
        <briefdescription>
        </briefdescription>
        <detaileddescription>
        </detaileddescription>
        <inbodydescription>
        </inbodydescription>
        <location file="include/solver.h" line="22" column="1" bodyfile="include/solver.h" bodystart="20" bodyend="-1"/>
      </memberdef>
      <memberdef kind="variable" id="class_numerical_solver_1a0e8605020eeaa4c804cfba14e3579e0b" prot="public" static="no" mutable="no">
        <type>long double</type>
        <definition>long double NumericalSolver::b17</definition>
        <argsstring></argsstring>
        <name>b17</name>
        <briefdescription>
        </briefdescription>
        <detaileddescription>
        </detaileddescription>
        <inbodydescription>
        </inbodydescription>
        <location file="include/solver.h" line="22" column="1" bodyfile="include/solver.h" bodystart="20" bodyend="-1"/>
      </memberdef>
      <memberdef kind="variable" id="class_numerical_solver_1a98f579fad728d51b64ed620aba39119e" prot="public" static="no" mutable="no">
        <type>long double</type>
        <definition>long double NumericalSolver::b21</definition>
        <argsstring></argsstring>
        <name>b21</name>
        <briefdescription>
        </briefdescription>
        <detaileddescription>
        </detaileddescription>
        <inbodydescription>
        </inbodydescription>
        <location file="include/solver.h" line="22" column="1" bodyfile="include/solver.h" bodystart="20" bodyend="-1"/>
      </memberdef>
      <memberdef kind="variable" id="class_numerical_solver_1a9d0fd5b94af289c06400b6b1a0faae93" prot="public" static="no" mutable="no">
        <type>long double</type>
        <definition>long double NumericalSolver::b22</definition>
        <argsstring></argsstring>
        <name>b22</name>
        <briefdescription>
        </briefdescription>
        <detaileddescription>
        </detaileddescription>
        <inbodydescription>
        </inbodydescription>
        <location file="include/solver.h" line="22" column="1" bodyfile="include/solver.h" bodystart="20" bodyend="-1"/>
      </memberdef>
      <memberdef kind="variable" id="class_numerical_solver_1a24def4410d7104761f697b6cff8fc057" prot="public" static="no" mutable="no">
        <type>long double</type>
        <definition>long double NumericalSolver::b23</definition>
        <argsstring></argsstring>
        <name>b23</name>
        <briefdescription>
        </briefdescription>
        <detaileddescription>
        </detaileddescription>
        <inbodydescription>
        </inbodydescription>
        <location file="include/solver.h" line="22" column="1" bodyfile="include/solver.h" bodystart="20" bodyend="-1"/>
      </memberdef>
      <memberdef kind="variable" id="class_numerical_solver_1adcadb6d5073426e00cee9009642e2bf9" prot="public" static="no" mutable="no">
        <type>long double</type>
        <definition>long double NumericalSolver::b24</definition>
        <argsstring></argsstring>
        <name>b24</name>
        <briefdescription>
        </briefdescription>
        <detaileddescription>
        </detaileddescription>
        <inbodydescription>
        </inbodydescription>
        <location file="include/solver.h" line="22" column="1" bodyfile="include/solver.h" bodystart="20" bodyend="-1"/>
      </memberdef>
      <memberdef kind="variable" id="class_numerical_solver_1a7e189696b82f961428aace50a8de16fa" prot="public" static="no" mutable="no">
        <type>long double</type>
        <definition>long double NumericalSolver::b25</definition>
        <argsstring></argsstring>
        <name>b25</name>
        <briefdescription>
        </briefdescription>
        <detaileddescription>
        </detaileddescription>
        <inbodydescription>
        </inbodydescription>
        <location file="include/solver.h" line="22" column="1" bodyfile="include/solver.h" bodystart="20" bodyend="-1"/>
      </memberdef>
      <memberdef kind="variable" id="class_numerical_solver_1a353b1e5d87fff5b4a21dcb99fcaff04d" prot="public" static="no" mutable="no">
        <type>long double</type>
        <definition>long double NumericalSolver::b26</definition>
        <argsstring></argsstring>
        <name>b26</name>
        <briefdescription>
        </briefdescription>
        <detaileddescription>
        </detaileddescription>
        <inbodydescription>
        </inbodydescription>
        <location file="include/solver.h" line="22" column="1" bodyfile="include/solver.h" bodystart="20" bodyend="-1"/>
      </memberdef>
      <memberdef kind="variable" id="class_numerical_solver_1a9e239affbdac0b6072d6b44243b708d4" prot="public" static="no" mutable="no">
        <type>long double</type>
        <definition>long double NumericalSolver::b27</definition>
        <argsstring></argsstring>
        <name>b27</name>
        <briefdescription>
        </briefdescription>
        <detaileddescription>
        </detaileddescription>
        <inbodydescription>
        </inbodydescription>
        <location file="include/solver.h" line="22" column="1" bodyfile="include/solver.h" bodystart="20" bodyend="-1"/>
      </memberdef>
      <memberdef kind="variable" id="class_numerical_solver_1a93ef81dfb4ef831a5450bf8fa837a9a7" prot="public" static="no" mutable="no">
        <type>Vector6d</type>
        <definition>Vector6d NumericalSolver::k1v</definition>
        <argsstring></argsstring>
        <name>k1v</name>
        <briefdescription>
        </briefdescription>
        <detaileddescription>
        </detaileddescription>
        <inbodydescription>
        </inbodydescription>
        <location file="include/solver.h" line="23" column="1" bodyfile="include/solver.h" bodystart="23" bodyend="-1"/>
      </memberdef>
      <memberdef kind="variable" id="class_numerical_solver_1acc393c1ef473672544099ad982899440" prot="public" static="no" mutable="no">
        <type>Vector6d</type>
        <definition>Vector6d NumericalSolver::k2v</definition>
        <argsstring></argsstring>
        <name>k2v</name>
        <briefdescription>
        </briefdescription>
        <detaileddescription>
        </detaileddescription>
        <inbodydescription>
        </inbodydescription>
        <location file="include/solver.h" line="23" column="1" bodyfile="include/solver.h" bodystart="23" bodyend="-1"/>
      </memberdef>
      <memberdef kind="variable" id="class_numerical_solver_1a9d591f1d328805ec3126cb1c06b9cf24" prot="public" static="no" mutable="no">
        <type>Vector6d</type>
        <definition>Vector6d NumericalSolver::k3v</definition>
        <argsstring></argsstring>
        <name>k3v</name>
        <briefdescription>
        </briefdescription>
        <detaileddescription>
        </detaileddescription>
        <inbodydescription>
        </inbodydescription>
        <location file="include/solver.h" line="23" column="1" bodyfile="include/solver.h" bodystart="23" bodyend="-1"/>
      </memberdef>
      <memberdef kind="variable" id="class_numerical_solver_1a5008982363bc64e6470d3f2b21f2fe5e" prot="public" static="no" mutable="no">
        <type>Vector6d</type>
        <definition>Vector6d NumericalSolver::k4v</definition>
        <argsstring></argsstring>
        <name>k4v</name>
        <briefdescription>
        </briefdescription>
        <detaileddescription>
        </detaileddescription>
        <inbodydescription>
        </inbodydescription>
        <location file="include/solver.h" line="23" column="1" bodyfile="include/solver.h" bodystart="23" bodyend="-1"/>
      </memberdef>
      <memberdef kind="variable" id="class_numerical_solver_1a20b7c5b49cf40832eebc0758e9dda731" prot="public" static="no" mutable="no">
        <type>Vector6d</type>
        <definition>Vector6d NumericalSolver::k5v</definition>
        <argsstring></argsstring>
        <name>k5v</name>
        <briefdescription>
        </briefdescription>
        <detaileddescription>
        </detaileddescription>
        <inbodydescription>
        </inbodydescription>
        <location file="include/solver.h" line="23" column="1" bodyfile="include/solver.h" bodystart="23" bodyend="-1"/>
      </memberdef>
      <memberdef kind="variable" id="class_numerical_solver_1a1472bad71e92d0c36e181784841af4dd" prot="public" static="no" mutable="no">
        <type>Vector6d</type>
        <definition>Vector6d NumericalSolver::k6v</definition>
        <argsstring></argsstring>
        <name>k6v</name>
        <briefdescription>
        </briefdescription>
        <detaileddescription>
        </detaileddescription>
        <inbodydescription>
        </inbodydescription>
        <location file="include/solver.h" line="23" column="1" bodyfile="include/solver.h" bodystart="23" bodyend="-1"/>
      </memberdef>
      <memberdef kind="variable" id="class_numerical_solver_1a346e784e7ed2a87f86d7d9742ad9e28a" prot="public" static="no" mutable="no">
        <type>Vector6d</type>
        <definition>Vector6d NumericalSolver::k7v</definition>
        <argsstring></argsstring>
        <name>k7v</name>
        <briefdescription>
        </briefdescription>
        <detaileddescription>
        </detaileddescription>
        <inbodydescription>
        </inbodydescription>
        <location file="include/solver.h" line="23" column="1" bodyfile="include/solver.h" bodystart="23" bodyend="-1"/>
      </memberdef>
      <memberdef kind="variable" id="class_numerical_solver_1a91c473d6e9a890cfaff1ffd8252d6647" prot="public" static="no" mutable="no">
        <type>Vector6d</type>
        <definition>Vector6d NumericalSolver::zv</definition>
        <argsstring></argsstring>
        <name>zv</name>
        <briefdescription>
        </briefdescription>
        <detaileddescription>
        </detaileddescription>
        <inbodydescription>
        </inbodydescription>
        <location file="include/solver.h" line="23" column="1" bodyfile="include/solver.h" bodystart="23" bodyend="-1"/>
      </memberdef>
      <memberdef kind="variable" id="class_numerical_solver_1a77191b6497e19b1c979faf7ae6577408" prot="public" static="no" mutable="no">
        <type>Vector6d</type>
        <definition>Vector6d NumericalSolver::sv</definition>
        <argsstring></argsstring>
        <name>sv</name>
        <briefdescription>
        </briefdescription>
        <detaileddescription>
        </detaileddescription>
        <inbodydescription>
        </inbodydescription>
        <location file="include/solver.h" line="23" column="1" bodyfile="include/solver.h" bodystart="23" bodyend="-1"/>
      </memberdef>
      <memberdef kind="variable" id="class_numerical_solver_1a1e67e7d370ffcbda9f00f62b67f2b222" prot="public" static="no" mutable="no">
        <type>Vector6d</type>
        <definition>Vector6d NumericalSolver::errv</definition>
        <argsstring></argsstring>
        <name>errv</name>
        <briefdescription>
        </briefdescription>
        <detaileddescription>
        </detaileddescription>
        <inbodydescription>
        </inbodydescription>
        <location file="include/solver.h" line="23" column="1" bodyfile="include/solver.h" bodystart="23" bodyend="-1"/>
      </memberdef>
      </sectiondef>
      <sectiondef kind="public-func">
      <memberdef kind="function" id="class_numerical_solver_1a673b842601123aceb987b4b9b87832a0" prot="public" static="no" const="no" explicit="no" inline="no" virt="non-virtual">
        <type></type>
        <definition>NumericalSolver::NumericalSolver</definition>
        <argsstring>()</argsstring>
        <name>NumericalSolver</name>
        <briefdescription>
        </briefdescription>
        <detaileddescription>
        </detaileddescription>
        <inbodydescription>
        </inbodydescription>
        <location file="include/solver.h" line="14" column="1" bodyfile="src/solver.cpp" bodystart="3" bodyend="3"/>
      </memberdef>
      <memberdef kind="function" id="class_numerical_solver_1a0ff7da11a3a8a0770e0f1be92030efe8" prot="public" static="no" const="no" explicit="no" inline="no" virt="non-virtual">
        <type></type>
        <definition>NumericalSolver::~NumericalSolver</definition>
        <argsstring>()</argsstring>
        <name>~NumericalSolver</name>
        <briefdescription>
        </briefdescription>
        <detaileddescription>
        </detaileddescription>
        <inbodydescription>
        </inbodydescription>
        <location file="include/solver.h" line="15" column="1" bodyfile="src/solver.cpp" bodystart="4" bodyend="4"/>
      </memberdef>
      <memberdef kind="function" id="class_numerical_solver_1ac91717b927990eae2c14f01b4f5d14bc" prot="public" static="no" const="no" explicit="no" inline="no" virt="non-virtual">
        <type>void</type>
        <definition>void NumericalSolver::initializeSolver</definition>
        <argsstring>(double dt)</argsstring>
        <name>initializeSolver</name>
        <param>
          <type>double</type>
          <declname>dt</declname>
        </param>
        <briefdescription>
        </briefdescription>
        <detaileddescription>
        </detaileddescription>
        <inbodydescription>
        </inbodydescription>
        <location file="include/solver.h" line="16" column="1" bodyfile="src/solver.cpp" bodystart="6" bodyend="50"/>
      </memberdef>
      </sectiondef>
    <briefdescription>
    </briefdescription>
    <detaileddescription>
    </detaileddescription>
    <location file="include/solver.h" line="10" column="1" bodyfile="include/solver.h" bodystart="10" bodyend="24"/>
    <listofallmembers>
      <member refid="class_numerical_solver_1a4a12d3cb2fe4d57959c4afadf83587fe" prot="public" virt="non-virtual"><scope>NumericalSolver</scope><name>a21</name></member>
      <member refid="class_numerical_solver_1ac7342c2cc07fe0615c67c0201f18b6f2" prot="public" virt="non-virtual"><scope>NumericalSolver</scope><name>a31</name></member>
      <member refid="class_numerical_solver_1aab4f92c00be318b92ddb98490b74873c" prot="public" virt="non-virtual"><scope>NumericalSolver</scope><name>a32</name></member>
      <member refid="class_numerical_solver_1a03392893e3f74427a1a9e37e95b68d38" prot="public" virt="non-virtual"><scope>NumericalSolver</scope><name>a41</name></member>
      <member refid="class_numerical_solver_1a5296cbd0ddb9831e9956c449a4e6cd8f" prot="public" virt="non-virtual"><scope>NumericalSolver</scope><name>a42</name></member>
      <member refid="class_numerical_solver_1a7e4b18d68e7dcde10516f8235a0d7f30" prot="public" virt="non-virtual"><scope>NumericalSolver</scope><name>a43</name></member>
      <member refid="class_numerical_solver_1a83fea8ee882c5ce66bab8cc1e9e8dbc8" prot="public" virt="non-virtual"><scope>NumericalSolver</scope><name>a51</name></member>
      <member refid="class_numerical_solver_1ae3c12d6b4663e9e440b85aee47c8b47b" prot="public" virt="non-virtual"><scope>NumericalSolver</scope><name>a52</name></member>
      <member refid="class_numerical_solver_1a88bf012d7679849890b0b1972051ec88" prot="public" virt="non-virtual"><scope>NumericalSolver</scope><name>a53</name></member>
      <member refid="class_numerical_solver_1a958f7b76784d340ac947179bd7c24b81" prot="public" virt="non-virtual"><scope>NumericalSolver</scope><name>a54</name></member>
      <member refid="class_numerical_solver_1ae071af6e19e60053b854d2cd8db5c652" prot="public" virt="non-virtual"><scope>NumericalSolver</scope><name>a61</name></member>
      <member refid="class_numerical_solver_1a430fe6458279b591395e75076744d7cb" prot="public" virt="non-virtual"><scope>NumericalSolver</scope><name>a62</name></member>
      <member refid="class_numerical_solver_1ae6b9e8d173b12139cda750ec391b040d" prot="public" virt="non-virtual"><scope>NumericalSolver</scope><name>a63</name></member>
      <member refid="class_numerical_solver_1a106096496b16b7766d6df4648ebeba5e" prot="public" virt="non-virtual"><scope>NumericalSolver</scope><name>a64</name></member>
      <member refid="class_numerical_solver_1a68f838e70f4e9a48572361fed9be0d37" prot="public" virt="non-virtual"><scope>NumericalSolver</scope><name>a65</name></member>
      <member refid="class_numerical_solver_1a3a317078414074b35576a56b52c990e9" prot="public" virt="non-virtual"><scope>NumericalSolver</scope><name>a71</name></member>
      <member refid="class_numerical_solver_1a7e39ec51fe853923df65ae2beea5c052" prot="public" virt="non-virtual"><scope>NumericalSolver</scope><name>a72</name></member>
      <member refid="class_numerical_solver_1a9f95c14fab884bf26aa28925dd11fafb" prot="public" virt="non-virtual"><scope>NumericalSolver</scope><name>a73</name></member>
      <member refid="class_numerical_solver_1aaf7b397e5d20e9d231f41815b7d449df" prot="public" virt="non-virtual"><scope>NumericalSolver</scope><name>a74</name></member>
      <member refid="class_numerical_solver_1a5a9ea766c579b905b2db2b13a2515bab" prot="public" virt="non-virtual"><scope>NumericalSolver</scope><name>a75</name></member>
      <member refid="class_numerical_solver_1a6f8184a3b4c2617889cc09b9c23f55e2" prot="public" virt="non-virtual"><scope>NumericalSolver</scope><name>a76</name></member>
      <member refid="class_numerical_solver_1ad8e9b376edb4947c43a63fff1febac30" prot="public" virt="non-virtual"><scope>NumericalSolver</scope><name>b11</name></member>
      <member refid="class_numerical_solver_1ade1238dee1b62e9e2592889ac06048c0" prot="public" virt="non-virtual"><scope>NumericalSolver</scope><name>b12</name></member>
      <member refid="class_numerical_solver_1ae69c75b1d7ecd2f62dc29f23230ba1af" prot="public" virt="non-virtual"><scope>NumericalSolver</scope><name>b13</name></member>
      <member refid="class_numerical_solver_1a092eae02f3835e4612090373e66f6264" prot="public" virt="non-virtual"><scope>NumericalSolver</scope><name>b14</name></member>
      <member refid="class_numerical_solver_1a6e1da4c2d5ea3efd65fdc60b85d4fe6e" prot="public" virt="non-virtual"><scope>NumericalSolver</scope><name>b15</name></member>
      <member refid="class_numerical_solver_1a6756b4ba3befd89e1f1e21eeaecc0d11" prot="public" virt="non-virtual"><scope>NumericalSolver</scope><name>b16</name></member>
      <member refid="class_numerical_solver_1a0e8605020eeaa4c804cfba14e3579e0b" prot="public" virt="non-virtual"><scope>NumericalSolver</scope><name>b17</name></member>
      <member refid="class_numerical_solver_1a98f579fad728d51b64ed620aba39119e" prot="public" virt="non-virtual"><scope>NumericalSolver</scope><name>b21</name></member>
      <member refid="class_numerical_solver_1a9d0fd5b94af289c06400b6b1a0faae93" prot="public" virt="non-virtual"><scope>NumericalSolver</scope><name>b22</name></member>
      <member refid="class_numerical_solver_1a24def4410d7104761f697b6cff8fc057" prot="public" virt="non-virtual"><scope>NumericalSolver</scope><name>b23</name></member>
      <member refid="class_numerical_solver_1adcadb6d5073426e00cee9009642e2bf9" prot="public" virt="non-virtual"><scope>NumericalSolver</scope><name>b24</name></member>
      <member refid="class_numerical_solver_1a7e189696b82f961428aace50a8de16fa" prot="public" virt="non-virtual"><scope>NumericalSolver</scope><name>b25</name></member>
      <member refid="class_numerical_solver_1a353b1e5d87fff5b4a21dcb99fcaff04d" prot="public" virt="non-virtual"><scope>NumericalSolver</scope><name>b26</name></member>
      <member refid="class_numerical_solver_1a9e239affbdac0b6072d6b44243b708d4" prot="public" virt="non-virtual"><scope>NumericalSolver</scope><name>b27</name></member>
      <member refid="class_numerical_solver_1a4eb3e49b7a0b1fdd22563418fcabfd77" prot="public" virt="non-virtual"><scope>NumericalSolver</scope><name>c2</name></member>
      <member refid="class_numerical_solver_1a0570fa7009b46ce177caef91a3c5e1cf" prot="public" virt="non-virtual"><scope>NumericalSolver</scope><name>c3</name></member>
      <member refid="class_numerical_solver_1a625be6001aa5e1dd7d36ad66c3d7f9ff" prot="public" virt="non-virtual"><scope>NumericalSolver</scope><name>c4</name></member>
      <member refid="class_numerical_solver_1a4f9fef3a4e2996b63d064c2833195aa7" prot="public" virt="non-virtual"><scope>NumericalSolver</scope><name>c5</name></member>
      <member refid="class_numerical_solver_1ac1f0a84f237acbafbdc03b81c0f8c775" prot="public" virt="non-virtual"><scope>NumericalSolver</scope><name>c6</name></member>
      <member refid="class_numerical_solver_1ada4bd22795caa2a04083bf4d329be842" prot="public" virt="non-virtual"><scope>NumericalSolver</scope><name>c7</name></member>
      <member refid="class_numerical_solver_1afb8890c4e2ca28d83618ebb8d5d92a40" prot="public" virt="non-virtual"><scope>NumericalSolver</scope><name>epsilon</name></member>
      <member refid="class_numerical_solver_1a1e67e7d370ffcbda9f00f62b67f2b222" prot="public" virt="non-virtual"><scope>NumericalSolver</scope><name>errv</name></member>
      <member refid="class_numerical_solver_1a61c3dbeb72ea9e38497cab19e2a13dd0" prot="public" virt="non-virtual"><scope>NumericalSolver</scope><name>h</name></member>
      <member refid="class_numerical_solver_1acf5b7cda252abcad36fc7cd4744d94ee" prot="public" virt="non-virtual"><scope>NumericalSolver</scope><name>h_max</name></member>
      <member refid="class_numerical_solver_1ae084d982a43c4e79dfc64709a98bf2a8" prot="public" virt="non-virtual"><scope>NumericalSolver</scope><name>h_min</name></member>
      <member refid="class_numerical_solver_1ac91717b927990eae2c14f01b4f5d14bc" prot="public" virt="non-virtual"><scope>NumericalSolver</scope><name>initializeSolver</name></member>
      <member refid="class_numerical_solver_1a93ef81dfb4ef831a5450bf8fa837a9a7" prot="public" virt="non-virtual"><scope>NumericalSolver</scope><name>k1v</name></member>
      <member refid="class_numerical_solver_1acc393c1ef473672544099ad982899440" prot="public" virt="non-virtual"><scope>NumericalSolver</scope><name>k2v</name></member>
      <member refid="class_numerical_solver_1a9d591f1d328805ec3126cb1c06b9cf24" prot="public" virt="non-virtual"><scope>NumericalSolver</scope><name>k3v</name></member>
      <member refid="class_numerical_solver_1a5008982363bc64e6470d3f2b21f2fe5e" prot="public" virt="non-virtual"><scope>NumericalSolver</scope><name>k4v</name></member>
      <member refid="class_numerical_solver_1a20b7c5b49cf40832eebc0758e9dda731" prot="public" virt="non-virtual"><scope>NumericalSolver</scope><name>k5v</name></member>
      <member refid="class_numerical_solver_1a1472bad71e92d0c36e181784841af4dd" prot="public" virt="non-virtual"><scope>NumericalSolver</scope><name>k6v</name></member>
      <member refid="class_numerical_solver_1a346e784e7ed2a87f86d7d9742ad9e28a" prot="public" virt="non-virtual"><scope>NumericalSolver</scope><name>k7v</name></member>
      <member refid="class_numerical_solver_1a673b842601123aceb987b4b9b87832a0" prot="public" virt="non-virtual"><scope>NumericalSolver</scope><name>NumericalSolver</name></member>
      <member refid="class_numerical_solver_1a77191b6497e19b1c979faf7ae6577408" prot="public" virt="non-virtual"><scope>NumericalSolver</scope><name>sv</name></member>
      <member refid="class_numerical_solver_1a820f9ececb6053b7c698b713fe63b8d4" prot="public" virt="non-virtual"><scope>NumericalSolver</scope><name>t</name></member>
      <member refid="class_numerical_solver_1abfd49621bc1dc6a3d9ab17fcf927e900" prot="public" virt="non-virtual"><scope>NumericalSolver</scope><name>y</name></member>
      <member refid="class_numerical_solver_1a91c473d6e9a890cfaff1ffd8252d6647" prot="public" virt="non-virtual"><scope>NumericalSolver</scope><name>zv</name></member>
      <member refid="class_numerical_solver_1a0ff7da11a3a8a0770e0f1be92030efe8" prot="public" virt="non-virtual"><scope>NumericalSolver</scope><name>~NumericalSolver</name></member>
    </listofallmembers>
  </compounddef>
</doxygen>
