<?xml version='1.0' encoding='UTF-8' standalone='no'?>
<doxygen xmlns:xsi="http://www.w3.org/2001/XMLSchema-instance" xsi:noNamespaceSchemaLocation="compound.xsd" version="1.8.11">
  <compounddef id="class_vessel_node" kind="class" language="C++" prot="public">
    <compoundname>VesselNode</compoundname>
      <sectiondef kind="public-attrib">
      <memberdef kind="variable" id="class_vessel_node_1a2096cf24b7129b8011be9e0b101e6e7c" prot="public" static="no" mutable="no">
        <type><ref refid="class_vessel" kindref="compound">Vessel</ref></type>
        <definition>Vessel VesselNode::vessel</definition>
        <argsstring></argsstring>
        <name>vessel</name>
        <briefdescription>
        </briefdescription>
        <detaileddescription>
        </detaileddescription>
        <inbodydescription>
        </inbodydescription>
        <location file="include/vesselnode.h" line="10" column="1" bodyfile="include/vesselnode.h" bodystart="10" bodyend="-1"/>
      </memberdef>
      </sectiondef>
      <sectiondef kind="private-attrib">
      <memberdef kind="variable" id="class_vessel_node_1a92111ddfce663792c4a6190c931802cf" prot="private" static="no" mutable="no">
        <type>Vector6d</type>
        <definition>Vector6d VesselNode::eta</definition>
        <argsstring></argsstring>
        <name>eta</name>
        <briefdescription>
        </briefdescription>
        <detaileddescription>
        </detaileddescription>
        <inbodydescription>
        </inbodydescription>
        <location file="include/vesselnode.h" line="14" column="1" bodyfile="include/vesselnode.h" bodystart="14" bodyend="-1"/>
      </memberdef>
      <memberdef kind="variable" id="class_vessel_node_1a08efbf4db2f95d5ee4b2592f1493d9e0" prot="private" static="no" mutable="no">
        <type>Vector6d</type>
        <definition>Vector6d VesselNode::nu</definition>
        <argsstring></argsstring>
        <name>nu</name>
        <briefdescription>
        </briefdescription>
        <detaileddescription>
        </detaileddescription>
        <inbodydescription>
        </inbodydescription>
        <location file="include/vesselnode.h" line="14" column="1" bodyfile="include/vesselnode.h" bodystart="14" bodyend="-1"/>
      </memberdef>
      <memberdef kind="variable" id="class_vessel_node_1a90955f1db835e7bdccb5d43b145a0889" prot="private" static="no" mutable="no">
        <type>Vector6d</type>
        <definition>Vector6d VesselNode::tau_control</definition>
        <argsstring></argsstring>
        <name>tau_control</name>
        <briefdescription>
        </briefdescription>
        <detaileddescription>
        </detaileddescription>
        <inbodydescription>
        </inbodydescription>
        <location file="include/vesselnode.h" line="14" column="1" bodyfile="include/vesselnode.h" bodystart="14" bodyend="-1"/>
      </memberdef>
      <memberdef kind="variable" id="class_vessel_node_1adad17908634473455d3eae271e408e34" prot="private" static="no" mutable="no">
        <type>tf::TransformBroadcaster</type>
        <definition>tf::TransformBroadcaster VesselNode::tf</definition>
        <argsstring></argsstring>
        <name>tf</name>
        <initializer>= tf::TransformBroadcaster()</initializer>
        <briefdescription>
        </briefdescription>
        <detaileddescription>
        </detaileddescription>
        <inbodydescription>
        </inbodydescription>
        <location file="include/vesselnode.h" line="22" column="1" bodyfile="include/vesselnode.h" bodystart="22" bodyend="-1"/>
      </memberdef>
      <memberdef kind="variable" id="class_vessel_node_1a59f3949e4c42bcc8b67ad35468243a9f" prot="private" static="no" mutable="no">
        <type>std::string</type>
        <definition>std::string VesselNode::tf_name</definition>
        <argsstring></argsstring>
        <name>tf_name</name>
        <initializer>= &quot;hil_sim&quot;</initializer>
        <briefdescription>
        </briefdescription>
        <detaileddescription>
        </detaileddescription>
        <inbodydescription>
        </inbodydescription>
        <location file="include/vesselnode.h" line="23" column="1" bodyfile="include/vesselnode.h" bodystart="23" bodyend="-1"/>
      </memberdef>
      <memberdef kind="variable" id="class_vessel_node_1a8348b1fe73db642a55839a07549b3660" prot="private" static="no" mutable="no">
        <type>ros::NodeHandle</type>
        <definition>ros::NodeHandle VesselNode::log_handle</definition>
        <argsstring></argsstring>
        <name>log_handle</name>
        <briefdescription>
        </briefdescription>
        <detaileddescription>
        </detaileddescription>
        <inbodydescription>
        </inbodydescription>
        <location file="include/vesselnode.h" line="24" column="1" bodyfile="include/vesselnode.h" bodystart="24" bodyend="-1"/>
      </memberdef>
      <memberdef kind="variable" id="class_vessel_node_1a4155705ab9c2979ae50ac93e7d8558ea" prot="private" static="no" mutable="no">
        <type>ros::Publisher</type>
        <definition>ros::Publisher VesselNode::vel_pub</definition>
        <argsstring></argsstring>
        <name>vel_pub</name>
        <initializer>=
	  log_handle.advertise&lt;geometry_msgs::Twist&gt;(&quot;log/velocity&quot;, 0)</initializer>
        <briefdescription>
        </briefdescription>
        <detaileddescription>
        </detaileddescription>
        <inbodydescription>
        </inbodydescription>
        <location file="include/vesselnode.h" line="25" column="1" bodyfile="include/vesselnode.h" bodystart="25" bodyend="-1"/>
      </memberdef>
      <memberdef kind="variable" id="class_vessel_node_1a5f2ebf0dbb812691e162f233aa47d1bc" prot="private" static="no" mutable="no">
        <type>ros::Publisher</type>
        <definition>ros::Publisher VesselNode::state_pub</definition>
        <argsstring></argsstring>
        <name>state_pub</name>
        <initializer>=
	  log_handle.advertise&lt;geometry_msgs::Twist&gt;(&quot;log/state&quot;, 0)</initializer>
        <briefdescription>
        </briefdescription>
        <detaileddescription>
        </detaileddescription>
        <inbodydescription>
        </inbodydescription>
        <location file="include/vesselnode.h" line="27" column="1" bodyfile="include/vesselnode.h" bodystart="27" bodyend="-1"/>
      </memberdef>
      <memberdef kind="variable" id="class_vessel_node_1aec59ad7a41d426bfb1897379a2261954" prot="private" static="no" mutable="no">
        <type>ros::Publisher</type>
        <definition>ros::Publisher VesselNode::thrust_pub</definition>
        <argsstring></argsstring>
        <name>thrust_pub</name>
        <initializer>=
	  log_handle.advertise&lt;geometry_msgs::Twist&gt;(&quot;log/thrust&quot;, 0)</initializer>
        <briefdescription>
        </briefdescription>
        <detaileddescription>
        </detaileddescription>
        <inbodydescription>
        </inbodydescription>
        <location file="include/vesselnode.h" line="29" column="1" bodyfile="include/vesselnode.h" bodystart="29" bodyend="-1"/>
      </memberdef>
      <memberdef kind="variable" id="class_vessel_node_1a8a86a7973aeb9871bfea00c482e7ce07" prot="private" static="no" mutable="no">
        <type>ros::NodeHandle</type>
        <definition>ros::NodeHandle VesselNode::thrust_handle</definition>
        <argsstring></argsstring>
        <name>thrust_handle</name>
        <briefdescription>
        </briefdescription>
        <detaileddescription>
        </detaileddescription>
        <inbodydescription>
        </inbodydescription>
        <location file="include/vesselnode.h" line="33" column="1" bodyfile="include/vesselnode.h" bodystart="33" bodyend="-1"/>
      </memberdef>
      <memberdef kind="variable" id="class_vessel_node_1ab8c1b9f3f6650b894e0768afcaf4f00e" prot="private" static="no" mutable="no">
        <type>ros::Subscriber</type>
        <definition>ros::Subscriber VesselNode::thrust_rec</definition>
        <argsstring></argsstring>
        <name>thrust_rec</name>
        <initializer>= thrust_handle.subscribe&lt;geometry_msgs::Twist&gt;(
	  &quot;input/thrust&quot;, 0, &amp;VesselNode::receiveThrust, this)</initializer>
        <briefdescription>
        </briefdescription>
        <detaileddescription>
        </detaileddescription>
        <inbodydescription>
        </inbodydescription>
        <location file="include/vesselnode.h" line="34" column="1" bodyfile="include/vesselnode.h" bodystart="34" bodyend="-1"/>
      </memberdef>
      </sectiondef>
      <sectiondef kind="public-func">
      <memberdef kind="function" id="class_vessel_node_1aa9b03e0513b1c1719bf56ec40eb71a0c" prot="public" static="no" const="no" explicit="no" inline="no" virt="non-virtual">
        <type></type>
        <definition>VesselNode::VesselNode</definition>
        <argsstring>()</argsstring>
        <name>VesselNode</name>
        <briefdescription>
        </briefdescription>
        <detaileddescription>
        </detaileddescription>
        <inbodydescription>
        </inbodydescription>
        <location file="include/vesselnode.h" line="8" column="1" bodyfile="src/vesselnode.cpp" bodystart="4" bodyend="6"/>
      </memberdef>
      <memberdef kind="function" id="class_vessel_node_1a7bde35952a520702aee8ede27460c041" prot="public" static="no" const="no" explicit="no" inline="no" virt="non-virtual">
        <type></type>
        <definition>VesselNode::~VesselNode</definition>
        <argsstring>()</argsstring>
        <name>~VesselNode</name>
        <briefdescription>
        </briefdescription>
        <detaileddescription>
        </detaileddescription>
        <inbodydescription>
        </inbodydescription>
        <location file="include/vesselnode.h" line="9" column="1" bodyfile="src/vesselnode.cpp" bodystart="7" bodyend="9"/>
      </memberdef>
      <memberdef kind="function" id="class_vessel_node_1a3441573289fe061665c8d4b32a9445c7" prot="public" static="no" const="no" explicit="no" inline="no" virt="non-virtual">
        <type>void</type>
        <definition>void VesselNode::step</definition>
        <argsstring>()</argsstring>
        <name>step</name>
        <briefdescription>
        </briefdescription>
        <detaileddescription>
        </detaileddescription>
        <inbodydescription>
        </inbodydescription>
        <location file="include/vesselnode.h" line="11" column="1" bodyfile="src/vesselnode.cpp" bodystart="10" bodyend="16"/>
      </memberdef>
      <memberdef kind="function" id="class_vessel_node_1a471b1ea921f3baccc95ffb7a0b7f6db3" prot="public" static="no" const="no" explicit="no" inline="no" virt="non-virtual">
        <type>double</type>
        <definition>double VesselNode::getDT</definition>
        <argsstring>()</argsstring>
        <name>getDT</name>
        <briefdescription>
        </briefdescription>
        <detaileddescription>
        </detaileddescription>
        <inbodydescription>
        </inbodydescription>
        <location file="include/vesselnode.h" line="12" column="1" bodyfile="src/vesselnode.cpp" bodystart="18" bodyend="20"/>
      </memberdef>
      </sectiondef>
      <sectiondef kind="private-func">
      <memberdef kind="function" id="class_vessel_node_1a6f9de8623bc148a79015ae26c4becab7" prot="private" static="no" const="no" explicit="no" inline="no" virt="non-virtual">
        <type>void</type>
        <definition>void VesselNode::receiveThrust</definition>
        <argsstring>(const geometry_msgs::Twist::ConstPtr &amp;thrust_msg)</argsstring>
        <name>receiveThrust</name>
        <param>
          <type>const geometry_msgs::Twist::ConstPtr &amp;</type>
          <declname>thrust_msg</declname>
        </param>
        <briefdescription>
        </briefdescription>
        <detaileddescription>
        </detaileddescription>
        <inbodydescription>
        </inbodydescription>
        <location file="include/vesselnode.h" line="16" column="1" bodyfile="src/vesselnode.cpp" bodystart="31" bodyend="33"/>
      </memberdef>
      <memberdef kind="function" id="class_vessel_node_1ada8e9d15224fae7917f091a08837e1c2" prot="private" static="no" const="no" explicit="no" inline="no" virt="non-virtual">
        <type>void</type>
        <definition>void VesselNode::logInfo</definition>
        <argsstring>()</argsstring>
        <name>logInfo</name>
        <briefdescription>
        </briefdescription>
        <detaileddescription>
        </detaileddescription>
        <inbodydescription>
        </inbodydescription>
        <location file="include/vesselnode.h" line="18" column="1" bodyfile="src/vesselnode.cpp" bodystart="35" bodyend="66"/>
      </memberdef>
      <memberdef kind="function" id="class_vessel_node_1a22a53fa32e18257e70d049d26df67d13" prot="private" static="no" const="no" explicit="no" inline="no" virt="non-virtual">
        <type>void</type>
        <definition>void VesselNode::publishState</definition>
        <argsstring>()</argsstring>
        <name>publishState</name>
        <briefdescription>
        </briefdescription>
        <detaileddescription>
        </detaileddescription>
        <inbodydescription>
        </inbodydescription>
        <location file="include/vesselnode.h" line="20" column="1" bodyfile="src/vesselnode.cpp" bodystart="22" bodyend="29"/>
      </memberdef>
      </sectiondef>
    <briefdescription>
    </briefdescription>
    <detaileddescription>
    </detaileddescription>
    <collaborationgraph>
      <node id="29">
        <label>VesselNode</label>
        <link refid="class_vessel_node"/>
        <childnode refid="30" relation="usage">
          <edgelabel>vessel</edgelabel>
        </childnode>
      </node>
      <node id="30">
        <label>Vessel</label>
        <link refid="class_vessel"/>
      </node>
    </collaborationgraph>
    <location file="include/vesselnode.h" line="6" column="1" bodyfile="include/vesselnode.h" bodystart="6" bodyend="36"/>
    <listofallmembers>
      <member refid="class_vessel_node_1a92111ddfce663792c4a6190c931802cf" prot="private" virt="non-virtual"><scope>VesselNode</scope><name>eta</name></member>
      <member refid="class_vessel_node_1a471b1ea921f3baccc95ffb7a0b7f6db3" prot="public" virt="non-virtual"><scope>VesselNode</scope><name>getDT</name></member>
      <member refid="class_vessel_node_1a8348b1fe73db642a55839a07549b3660" prot="private" virt="non-virtual"><scope>VesselNode</scope><name>log_handle</name></member>
      <member refid="class_vessel_node_1ada8e9d15224fae7917f091a08837e1c2" prot="private" virt="non-virtual"><scope>VesselNode</scope><name>logInfo</name></member>
      <member refid="class_vessel_node_1a08efbf4db2f95d5ee4b2592f1493d9e0" prot="private" virt="non-virtual"><scope>VesselNode</scope><name>nu</name></member>
      <member refid="class_vessel_node_1a22a53fa32e18257e70d049d26df67d13" prot="private" virt="non-virtual"><scope>VesselNode</scope><name>publishState</name></member>
      <member refid="class_vessel_node_1a6f9de8623bc148a79015ae26c4becab7" prot="private" virt="non-virtual"><scope>VesselNode</scope><name>receiveThrust</name></member>
      <member refid="class_vessel_node_1a5f2ebf0dbb812691e162f233aa47d1bc" prot="private" virt="non-virtual"><scope>VesselNode</scope><name>state_pub</name></member>
      <member refid="class_vessel_node_1a3441573289fe061665c8d4b32a9445c7" prot="public" virt="non-virtual"><scope>VesselNode</scope><name>step</name></member>
      <member refid="class_vessel_node_1a90955f1db835e7bdccb5d43b145a0889" prot="private" virt="non-virtual"><scope>VesselNode</scope><name>tau_control</name></member>
      <member refid="class_vessel_node_1adad17908634473455d3eae271e408e34" prot="private" virt="non-virtual"><scope>VesselNode</scope><name>tf</name></member>
      <member refid="class_vessel_node_1a59f3949e4c42bcc8b67ad35468243a9f" prot="private" virt="non-virtual"><scope>VesselNode</scope><name>tf_name</name></member>
      <member refid="class_vessel_node_1a8a86a7973aeb9871bfea00c482e7ce07" prot="private" virt="non-virtual"><scope>VesselNode</scope><name>thrust_handle</name></member>
      <member refid="class_vessel_node_1aec59ad7a41d426bfb1897379a2261954" prot="private" virt="non-virtual"><scope>VesselNode</scope><name>thrust_pub</name></member>
      <member refid="class_vessel_node_1ab8c1b9f3f6650b894e0768afcaf4f00e" prot="private" virt="non-virtual"><scope>VesselNode</scope><name>thrust_rec</name></member>
      <member refid="class_vessel_node_1a4155705ab9c2979ae50ac93e7d8558ea" prot="private" virt="non-virtual"><scope>VesselNode</scope><name>vel_pub</name></member>
      <member refid="class_vessel_node_1a2096cf24b7129b8011be9e0b101e6e7c" prot="public" virt="non-virtual"><scope>VesselNode</scope><name>vessel</name></member>
      <member refid="class_vessel_node_1aa9b03e0513b1c1719bf56ec40eb71a0c" prot="public" virt="non-virtual"><scope>VesselNode</scope><name>VesselNode</name></member>
      <member refid="class_vessel_node_1a7bde35952a520702aee8ede27460c041" prot="public" virt="non-virtual"><scope>VesselNode</scope><name>~VesselNode</name></member>
    </listofallmembers>
  </compounddef>
</doxygen>
