<?xml version='1.0' encoding='UTF-8' standalone='no'?>
<doxygen xmlns:xsi="http://www.w3.org/2001/XMLSchema-instance" xsi:noNamespaceSchemaLocation="compound.xsd" version="1.8.11">
  <compounddef id="class_g_p_s" kind="class" language="C++" prot="public">
    <compoundname>GPS</compoundname>
    <basecompoundref refid="class_sensor" prot="public" virt="non-virtual">Sensor</basecompoundref>
      <sectiondef kind="private-attrib">
      <memberdef kind="variable" id="class_g_p_s_1a63e9c5b73e963ba91f272adac1905c05" prot="private" static="no" mutable="no">
        <type>long double</type>
        <definition>long double GPS::latitude</definition>
        <argsstring></argsstring>
        <name>latitude</name>
        <briefdescription>
        </briefdescription>
        <detaileddescription>
        </detaileddescription>
        <inbodydescription>
        </inbodydescription>
        <location file="include/gps.h" line="20" column="1" bodyfile="include/gps.h" bodystart="20" bodyend="-1"/>
      </memberdef>
      <memberdef kind="variable" id="class_g_p_s_1a52d6e4fa45ab5fc66cd427fe1e92de66" prot="private" static="no" mutable="no">
        <type>long double</type>
        <definition>long double GPS::longitude</definition>
        <argsstring></argsstring>
        <name>longitude</name>
        <briefdescription>
        </briefdescription>
        <detaileddescription>
        </detaileddescription>
        <inbodydescription>
        </inbodydescription>
        <location file="include/gps.h" line="20" column="1" bodyfile="include/gps.h" bodystart="20" bodyend="-1"/>
      </memberdef>
      <memberdef kind="variable" id="class_g_p_s_1ae8f64f9c3461fee739b9c12dd7c341ce" prot="private" static="no" mutable="no">
        <type>long double</type>
        <definition>long double GPS::height</definition>
        <argsstring></argsstring>
        <name>height</name>
        <briefdescription>
        </briefdescription>
        <detaileddescription>
        </detaileddescription>
        <inbodydescription>
        </inbodydescription>
        <location file="include/gps.h" line="20" column="1" bodyfile="include/gps.h" bodystart="20" bodyend="-1"/>
      </memberdef>
      <memberdef kind="variable" id="class_g_p_s_1a56b0f4d7061aa0c5140afa2cfe2957a2" prot="private" static="no" mutable="no">
        <type>long double</type>
        <definition>long double GPS::r_mer</definition>
        <argsstring></argsstring>
        <name>r_mer</name>
        <briefdescription>
        </briefdescription>
        <detaileddescription>
        </detaileddescription>
        <inbodydescription>
        </inbodydescription>
        <location file="include/gps.h" line="22" column="1" bodyfile="include/gps.h" bodystart="22" bodyend="-1"/>
      </memberdef>
      <memberdef kind="variable" id="class_g_p_s_1a182267583a94c6db17c9327c7f806522" prot="private" static="no" mutable="no">
        <type>long double</type>
        <definition>long double GPS::r_prime</definition>
        <argsstring></argsstring>
        <name>r_prime</name>
        <briefdescription>
        </briefdescription>
        <detaileddescription>
        </detaileddescription>
        <inbodydescription>
        </inbodydescription>
        <location file="include/gps.h" line="22" column="1" bodyfile="include/gps.h" bodystart="22" bodyend="-1"/>
      </memberdef>
      <memberdef kind="variable" id="class_g_p_s_1adb64b28946395933c37a2d09aaca2f87" prot="private" static="no" mutable="no">
        <type>long double</type>
        <definition>long double GPS::r_e</definition>
        <argsstring></argsstring>
        <name>r_e</name>
        <initializer>= 6378137</initializer>
        <briefdescription>
        </briefdescription>
        <detaileddescription>
        </detaileddescription>
        <inbodydescription>
        </inbodydescription>
        <location file="include/gps.h" line="24" column="1" bodyfile="include/gps.h" bodystart="24" bodyend="-1"/>
      </memberdef>
      <memberdef kind="variable" id="class_g_p_s_1aa08d77a0e7cff6bb890d1c45d165cd29" prot="private" static="no" mutable="no">
        <type>long double</type>
        <definition>long double GPS::e</definition>
        <argsstring></argsstring>
        <name>e</name>
        <initializer>= 0.0818191908426215</initializer>
        <briefdescription>
        </briefdescription>
        <detaileddescription>
        </detaileddescription>
        <inbodydescription>
        </inbodydescription>
        <location file="include/gps.h" line="25" column="1" bodyfile="include/gps.h" bodystart="25" bodyend="-1"/>
      </memberdef>
      <memberdef kind="variable" id="class_g_p_s_1a28c0632f54575fde0265b187ac5d8a00" prot="private" static="no" mutable="no">
        <type>double</type>
        <definition>double GPS::heading</definition>
        <argsstring></argsstring>
        <name>heading</name>
        <briefdescription>
        </briefdescription>
        <detaileddescription>
        </detaileddescription>
        <inbodydescription>
        </inbodydescription>
        <location file="include/gps.h" line="26" column="1" bodyfile="include/gps.h" bodystart="26" bodyend="-1"/>
      </memberdef>
      <memberdef kind="variable" id="class_g_p_s_1ad3e71e6bf53d367bb020ea24103a46e2" prot="private" static="no" mutable="no">
        <type><ref refid="class_numerical_solver" kindref="compound">NumericalSolver</ref></type>
        <definition>NumericalSolver GPS::solver</definition>
        <argsstring></argsstring>
        <name>solver</name>
        <briefdescription>
        </briefdescription>
        <detaileddescription>
        </detaileddescription>
        <inbodydescription>
        </inbodydescription>
        <location file="include/gps.h" line="29" column="1" bodyfile="include/gps.h" bodystart="29" bodyend="-1"/>
      </memberdef>
      <memberdef kind="variable" id="class_g_p_s_1ab253173d17b114c903590b88a09281c7" prot="private" static="no" mutable="no">
        <type>Matrix6d</type>
        <definition>Matrix6d GPS::A</definition>
        <argsstring></argsstring>
        <name>A</name>
        <briefdescription>
        </briefdescription>
        <detaileddescription>
        </detaileddescription>
        <inbodydescription>
        </inbodydescription>
        <location file="include/gps.h" line="31" column="1" bodyfile="include/gps.h" bodystart="31" bodyend="-1"/>
      </memberdef>
      <memberdef kind="variable" id="class_g_p_s_1a03cedfa9d1b41fe2af10439ed3c55d92" prot="private" static="no" mutable="no">
        <type>Vector6d</type>
        <definition>Vector6d GPS::gps_position</definition>
        <argsstring></argsstring>
        <name>gps_position</name>
        <briefdescription>
        </briefdescription>
        <detaileddescription>
        </detaileddescription>
        <inbodydescription>
        </inbodydescription>
        <location file="include/gps.h" line="43" column="1" bodyfile="include/gps.h" bodystart="43" bodyend="-1"/>
      </memberdef>
      <memberdef kind="variable" id="class_g_p_s_1adb0350c4ae8b3ccfa2a79686b058363f" prot="private" static="no" mutable="no">
        <type>Vector6d</type>
        <definition>Vector6d GPS::v_n</definition>
        <argsstring></argsstring>
        <name>v_n</name>
        <briefdescription>
        </briefdescription>
        <detaileddescription>
        </detaileddescription>
        <inbodydescription>
        </inbodydescription>
        <location file="include/gps.h" line="43" column="1" bodyfile="include/gps.h" bodystart="43" bodyend="-1"/>
      </memberdef>
      </sectiondef>
      <sectiondef kind="public-func">
      <memberdef kind="function" id="class_g_p_s_1a0c347a188512d0d5cf7ed5c91b145fc4" prot="public" static="no" const="no" explicit="no" inline="no" virt="non-virtual">
        <type></type>
        <definition>GPS::GPS</definition>
        <argsstring>()</argsstring>
        <name>GPS</name>
        <briefdescription>
        </briefdescription>
        <detaileddescription>
        </detaileddescription>
        <inbodydescription>
        </inbodydescription>
        <location file="include/gps.h" line="11" column="1" bodyfile="src/gps.cpp" bodystart="3" bodyend="3"/>
      </memberdef>
      <memberdef kind="function" id="class_g_p_s_1afe84b00ea93254fcb8b84a0f2b240c9d" prot="public" static="no" const="no" explicit="no" inline="no" virt="non-virtual">
        <type></type>
        <definition>GPS::~GPS</definition>
        <argsstring>()</argsstring>
        <name>~GPS</name>
        <briefdescription>
        </briefdescription>
        <detaileddescription>
        </detaileddescription>
        <inbodydescription>
        </inbodydescription>
        <location file="include/gps.h" line="12" column="1" bodyfile="src/gps.cpp" bodystart="5" bodyend="5"/>
      </memberdef>
      <memberdef kind="function" id="class_g_p_s_1a0d42ac91be4e0f9c53735f60029dac69" prot="public" static="no" const="no" explicit="no" inline="no" virt="non-virtual">
        <type>void</type>
        <definition>void GPS::receiveStartCoordinates</definition>
        <argsstring>(double latitute_start, double longitude_start)</argsstring>
        <name>receiveStartCoordinates</name>
        <param>
          <type>double</type>
          <declname>latitute_start</declname>
        </param>
        <param>
          <type>double</type>
          <declname>longitude_start</declname>
        </param>
        <briefdescription>
        </briefdescription>
        <detaileddescription>
        </detaileddescription>
        <inbodydescription>
        </inbodydescription>
        <location file="include/gps.h" line="14" column="1" bodyfile="src/gps.cpp" bodystart="7" bodyend="12"/>
      </memberdef>
      <memberdef kind="function" id="class_g_p_s_1a772b3562596d25e2992f21c923f29d32" prot="public" static="no" const="no" explicit="no" inline="no" virt="non-virtual">
        <type>void</type>
        <definition>void GPS::publishGpsData</definition>
        <argsstring>(Vector6d nu_n, Vector6d eta)</argsstring>
        <name>publishGpsData</name>
        <param>
          <type>Vector6d</type>
          <declname>nu_n</declname>
        </param>
        <param>
          <type>Vector6d</type>
          <declname>eta</declname>
        </param>
        <briefdescription>
        </briefdescription>
        <detaileddescription>
        </detaileddescription>
        <inbodydescription>
        </inbodydescription>
        <location file="include/gps.h" line="16" column="1" bodyfile="src/gps.cpp" bodystart="63" bodyend="72"/>
      </memberdef>
      </sectiondef>
      <sectiondef kind="private-func">
      <memberdef kind="function" id="class_g_p_s_1a2a390ae53c28f6ce88d29121e19abe21" prot="private" static="no" const="no" explicit="no" inline="no" virt="non-virtual">
        <type>void</type>
        <definition>void GPS::getHeading</definition>
        <argsstring>(Vector6d eta)</argsstring>
        <name>getHeading</name>
        <param>
          <type>Vector6d</type>
          <declname>eta</declname>
        </param>
        <briefdescription>
        </briefdescription>
        <detaileddescription>
        </detaileddescription>
        <inbodydescription>
        </inbodydescription>
        <location file="include/gps.h" line="33" column="1" bodyfile="src/gps.cpp" bodystart="51" bodyend="61"/>
      </memberdef>
      <memberdef kind="function" id="class_g_p_s_1ae669d6eb2aaaf612e1c49f758a3fdc3e" prot="private" static="no" const="no" explicit="no" inline="no" virt="non-virtual">
        <type>void</type>
        <definition>void GPS::updateCurvatures</definition>
        <argsstring>()</argsstring>
        <name>updateCurvatures</name>
        <briefdescription>
        </briefdescription>
        <detaileddescription>
        </detaileddescription>
        <inbodydescription>
        </inbodydescription>
        <location file="include/gps.h" line="35" column="1" bodyfile="src/gps.cpp" bodystart="14" bodyend="17"/>
      </memberdef>
      <memberdef kind="function" id="class_g_p_s_1a7fe7b5a284d5145f41542fd09f58a4b2" prot="private" static="no" const="no" explicit="no" inline="no" virt="non-virtual">
        <type>void</type>
        <definition>void GPS::calculateNextPosition</definition>
        <argsstring>()</argsstring>
        <name>calculateNextPosition</name>
        <briefdescription>
        </briefdescription>
        <detaileddescription>
        </detaileddescription>
        <inbodydescription>
        </inbodydescription>
        <location file="include/gps.h" line="37" column="1" bodyfile="src/gps.cpp" bodystart="19" bodyend="34"/>
      </memberdef>
      <memberdef kind="function" id="class_g_p_s_1a80e368fcc68a65e4eda6677d9674e780" prot="private" static="no" const="no" explicit="no" inline="no" virt="non-virtual">
        <type>Vector3d</type>
        <definition>Vector3d GPS::getSpeedAndTrack</definition>
        <argsstring>(Vector6d eta)</argsstring>
        <name>getSpeedAndTrack</name>
        <param>
          <type>Vector6d</type>
          <declname>eta</declname>
        </param>
        <briefdescription>
        </briefdescription>
        <detaileddescription>
        </detaileddescription>
        <inbodydescription>
        </inbodydescription>
        <location file="include/gps.h" line="39" column="1" bodyfile="src/gps.cpp" bodystart="41" bodyend="49"/>
      </memberdef>
      <memberdef kind="function" id="class_g_p_s_1affaccf207db7fab0e2493b94ea375f87" prot="private" static="no" const="no" explicit="no" inline="no" virt="non-virtual">
        <type>Vector6d</type>
        <definition>Vector6d GPS::positionFunction</definition>
        <argsstring>(Vector6d position_in)</argsstring>
        <name>positionFunction</name>
        <param>
          <type>Vector6d</type>
          <declname>position_in</declname>
        </param>
        <briefdescription>
        </briefdescription>
        <detaileddescription>
        </detaileddescription>
        <inbodydescription>
        </inbodydescription>
        <location file="include/gps.h" line="41" column="1" bodyfile="src/gps.cpp" bodystart="36" bodyend="39"/>
      </memberdef>
      </sectiondef>
    <briefdescription>
    </briefdescription>
    <detaileddescription>
    </detaileddescription>
    <inheritancegraph>
      <node id="1">
        <label>Sensor</label>
        <link refid="class_sensor"/>
      </node>
      <node id="0">
        <label>GPS</label>
        <link refid="class_g_p_s"/>
        <childnode refid="1" relation="public-inheritance">
        </childnode>
      </node>
    </inheritancegraph>
    <collaborationgraph>
      <node id="3">
        <label>Sensor</label>
        <link refid="class_sensor"/>
      </node>
      <node id="2">
        <label>GPS</label>
        <link refid="class_g_p_s"/>
        <childnode refid="3" relation="public-inheritance">
        </childnode>
      </node>
    </collaborationgraph>
    <location file="include/gps.h" line="9" column="1" bodyfile="include/gps.h" bodystart="9" bodyend="48"/>
    <listofallmembers>
      <member refid="class_g_p_s_1ab253173d17b114c903590b88a09281c7" prot="private" virt="non-virtual"><scope>GPS</scope><name>A</name></member>
      <member refid="class_g_p_s_1a7fe7b5a284d5145f41542fd09f58a4b2" prot="private" virt="non-virtual"><scope>GPS</scope><name>calculateNextPosition</name></member>
      <member refid="class_sensor_1ae6f4e03bbd96a9c020ee0b737c23a7bf" prot="public" virt="non-virtual"><scope>GPS</scope><name>dt</name></member>
      <member refid="class_g_p_s_1aa08d77a0e7cff6bb890d1c45d165cd29" prot="private" virt="non-virtual"><scope>GPS</scope><name>e</name></member>
      <member refid="class_sensor_1a9cc770795c32650dc738d52e900c7c37" prot="public" virt="non-virtual"><scope>GPS</scope><name>frequency</name></member>
      <member refid="class_g_p_s_1a2a390ae53c28f6ce88d29121e19abe21" prot="private" virt="non-virtual"><scope>GPS</scope><name>getHeading</name></member>
      <member refid="class_g_p_s_1a80e368fcc68a65e4eda6677d9674e780" prot="private" virt="non-virtual"><scope>GPS</scope><name>getSpeedAndTrack</name></member>
      <member refid="class_g_p_s_1a0c347a188512d0d5cf7ed5c91b145fc4" prot="public" virt="non-virtual"><scope>GPS</scope><name>GPS</name></member>
      <member refid="class_g_p_s_1a03cedfa9d1b41fe2af10439ed3c55d92" prot="private" virt="non-virtual"><scope>GPS</scope><name>gps_position</name></member>
      <member refid="class_sensor_1a811e9071506ad8925dba54b9e40ab5a2" prot="public" virt="non-virtual"><scope>GPS</scope><name>gps_pub</name></member>
      <member refid="class_g_p_s_1a28c0632f54575fde0265b187ac5d8a00" prot="private" virt="non-virtual"><scope>GPS</scope><name>heading</name></member>
      <member refid="class_g_p_s_1ae8f64f9c3461fee739b9c12dd7c341ce" prot="private" virt="non-virtual"><scope>GPS</scope><name>height</name></member>
      <member refid="class_sensor_1ab2f14e6d6c5a19338689e7af04fff45e" prot="public" virt="non-virtual"><scope>GPS</scope><name>imu_pub</name></member>
      <member refid="class_g_p_s_1a63e9c5b73e963ba91f272adac1905c05" prot="private" virt="non-virtual"><scope>GPS</scope><name>latitude</name></member>
      <member refid="class_g_p_s_1a52d6e4fa45ab5fc66cd427fe1e92de66" prot="private" virt="non-virtual"><scope>GPS</scope><name>longitude</name></member>
      <member refid="class_sensor_1a08cb49aa8df3a84c5bb5546b1c11323e" prot="public" virt="non-virtual"><scope>GPS</scope><name>mru_position_pub</name></member>
      <member refid="class_sensor_1a56727fc8fe63502e44d365297b5666ea" prot="public" virt="non-virtual"><scope>GPS</scope><name>mru_velocity_pub</name></member>
      <member refid="class_g_p_s_1affaccf207db7fab0e2493b94ea375f87" prot="private" virt="non-virtual"><scope>GPS</scope><name>positionFunction</name></member>
      <member refid="class_sensor_1a45ddf880a759f03d22818e91860f0901" prot="public" virt="non-virtual"><scope>GPS</scope><name>publishData</name></member>
      <member refid="class_sensor_1a7fc20251253ec330e00725cf00688ee0" prot="public" virt="non-virtual"><scope>GPS</scope><name>publishData</name></member>
      <member refid="class_sensor_1a5f103439ae3ed1cb84e8a35705a3c032" prot="public" virt="non-virtual"><scope>GPS</scope><name>publishData</name></member>
      <member refid="class_sensor_1af44389030d7336c5a24a87588bb31448" prot="public" virt="non-virtual"><scope>GPS</scope><name>publishData</name></member>
      <member refid="class_g_p_s_1a772b3562596d25e2992f21c923f29d32" prot="public" virt="non-virtual"><scope>GPS</scope><name>publishGpsData</name></member>
      <member refid="class_g_p_s_1adb64b28946395933c37a2d09aaca2f87" prot="private" virt="non-virtual"><scope>GPS</scope><name>r_e</name></member>
      <member refid="class_g_p_s_1a56b0f4d7061aa0c5140afa2cfe2957a2" prot="private" virt="non-virtual"><scope>GPS</scope><name>r_mer</name></member>
      <member refid="class_g_p_s_1a182267583a94c6db17c9327c7f806522" prot="private" virt="non-virtual"><scope>GPS</scope><name>r_prime</name></member>
      <member refid="class_g_p_s_1a0d42ac91be4e0f9c53735f60029dac69" prot="public" virt="non-virtual"><scope>GPS</scope><name>receiveStartCoordinates</name></member>
      <member refid="class_sensor_1a3b3c9b96c4ed4ff563181b74fc518b5c" prot="public" virt="non-virtual"><scope>GPS</scope><name>sensor_handle</name></member>
      <member refid="class_sensor_1afe6b7b2849deccb1818da714de6c36ad" prot="public" virt="non-virtual"><scope>GPS</scope><name>setFrequency</name></member>
      <member refid="class_sensor_1ac4b9625c973636b3f3c574bc7b2a922d" prot="public" virt="non-virtual"><scope>GPS</scope><name>setNoise</name></member>
      <member refid="class_sensor_1ae37c1cfa48a7f25497aae485f6f91265" prot="public" virt="non-virtual"><scope>GPS</scope><name>setStepSize</name></member>
      <member refid="class_g_p_s_1ad3e71e6bf53d367bb020ea24103a46e2" prot="private" virt="non-virtual"><scope>GPS</scope><name>solver</name></member>
      <member refid="class_sensor_1afc9a4388ae0a7d8bec357af261e9c4a8" prot="public" virt="non-virtual"><scope>GPS</scope><name>speed_sensor_pub</name></member>
      <member refid="class_sensor_1a2a9811c9f9fc04523f98276fdc794219" prot="public" virt="non-virtual"><scope>GPS</scope><name>step</name></member>
      <member refid="class_sensor_1a3409fcd46e7ba87534325b78b40a93d2" prot="public" virt="non-virtual"><scope>GPS</scope><name>steps_per_data_output</name></member>
      <member refid="class_g_p_s_1ae669d6eb2aaaf612e1c49f758a3fdc3e" prot="private" virt="non-virtual"><scope>GPS</scope><name>updateCurvatures</name></member>
      <member refid="class_g_p_s_1adb0350c4ae8b3ccfa2a79686b058363f" prot="private" virt="non-virtual"><scope>GPS</scope><name>v_n</name></member>
      <member refid="class_g_p_s_1afe84b00ea93254fcb8b84a0f2b240c9d" prot="public" virt="non-virtual"><scope>GPS</scope><name>~GPS</name></member>
    </listofallmembers>
  </compounddef>
</doxygen>
