<?xml version='1.0' encoding='UTF-8' standalone='no'?>
<doxygen xmlns:xsi="http://www.w3.org/2001/XMLSchema-instance" xsi:noNamespaceSchemaLocation="compound.xsd" version="1.8.11">
  <compounddef id="class_sensor" kind="class" language="C++" prot="public">
    <compoundname>Sensor</compoundname>
    <derivedcompoundref refid="class_g_p_s" prot="public" virt="non-virtual">GPS</derivedcompoundref>
    <derivedcompoundref refid="class_i_m_u" prot="public" virt="non-virtual">IMU</derivedcompoundref>
    <derivedcompoundref refid="class_m_r_u" prot="public" virt="non-virtual">MRU</derivedcompoundref>
    <derivedcompoundref refid="class_speed_sensor" prot="public" virt="non-virtual">SpeedSensor</derivedcompoundref>
      <sectiondef kind="public-attrib">
      <memberdef kind="variable" id="class_sensor_1a3b3c9b96c4ed4ff563181b74fc518b5c" prot="public" static="no" mutable="no">
        <type>ros::NodeHandle</type>
        <definition>ros::NodeHandle Sensor::sensor_handle</definition>
        <argsstring></argsstring>
        <name>sensor_handle</name>
        <briefdescription>
        </briefdescription>
        <detaileddescription>
        </detaileddescription>
        <inbodydescription>
        </inbodydescription>
        <location file="include/sensor.h" line="30" column="1" bodyfile="include/sensor.h" bodystart="30" bodyend="-1"/>
      </memberdef>
      <memberdef kind="variable" id="class_sensor_1a811e9071506ad8925dba54b9e40ab5a2" prot="public" static="no" mutable="no">
        <type>ros::Publisher</type>
        <definition>ros::Publisher Sensor::gps_pub</definition>
        <argsstring></argsstring>
        <name>gps_pub</name>
        <initializer>= sensor_handle.advertise&lt;simulator_prototype::Gps&gt;(&quot;sensors/gps&quot;, 0)</initializer>
        <briefdescription>
        </briefdescription>
        <detaileddescription>
        </detaileddescription>
        <inbodydescription>
        </inbodydescription>
        <location file="include/sensor.h" line="31" column="1" bodyfile="include/sensor.h" bodystart="31" bodyend="-1"/>
      </memberdef>
      <memberdef kind="variable" id="class_sensor_1a56727fc8fe63502e44d365297b5666ea" prot="public" static="no" mutable="no">
        <type>ros::Publisher</type>
        <definition>ros::Publisher Sensor::mru_velocity_pub</definition>
        <argsstring></argsstring>
        <name>mru_velocity_pub</name>
        <initializer>= sensor_handle.advertise&lt;geometry_msgs::Twist&gt;(&quot;sensors/mru/velocity&quot;, 0)</initializer>
        <briefdescription>
        </briefdescription>
        <detaileddescription>
        </detaileddescription>
        <inbodydescription>
        </inbodydescription>
        <location file="include/sensor.h" line="32" column="1" bodyfile="include/sensor.h" bodystart="32" bodyend="-1"/>
      </memberdef>
      <memberdef kind="variable" id="class_sensor_1a08cb49aa8df3a84c5bb5546b1c11323e" prot="public" static="no" mutable="no">
        <type>ros::Publisher</type>
        <definition>ros::Publisher Sensor::mru_position_pub</definition>
        <argsstring></argsstring>
        <name>mru_position_pub</name>
        <initializer>= sensor_handle.advertise&lt;geometry_msgs::Twist&gt;(&quot;sensors/mru/position&quot;, 0)</initializer>
        <briefdescription>
        </briefdescription>
        <detaileddescription>
        </detaileddescription>
        <inbodydescription>
        </inbodydescription>
        <location file="include/sensor.h" line="33" column="1" bodyfile="include/sensor.h" bodystart="33" bodyend="-1"/>
      </memberdef>
      <memberdef kind="variable" id="class_sensor_1ab2f14e6d6c5a19338689e7af04fff45e" prot="public" static="no" mutable="no">
        <type>ros::Publisher</type>
        <definition>ros::Publisher Sensor::imu_pub</definition>
        <argsstring></argsstring>
        <name>imu_pub</name>
        <initializer>= sensor_handle.advertise&lt;geometry_msgs::Twist&gt;(&quot;sensors/imu&quot;, 0)</initializer>
        <briefdescription>
        </briefdescription>
        <detaileddescription>
        </detaileddescription>
        <inbodydescription>
        </inbodydescription>
        <location file="include/sensor.h" line="34" column="1" bodyfile="include/sensor.h" bodystart="34" bodyend="-1"/>
      </memberdef>
      <memberdef kind="variable" id="class_sensor_1afc9a4388ae0a7d8bec357af261e9c4a8" prot="public" static="no" mutable="no">
        <type>ros::Publisher</type>
        <definition>ros::Publisher Sensor::speed_sensor_pub</definition>
        <argsstring></argsstring>
        <name>speed_sensor_pub</name>
        <initializer>= sensor_handle.advertise&lt;geometry_msgs::Twist&gt;(&quot;sensors/speedSensor&quot;, 0)</initializer>
        <briefdescription>
        </briefdescription>
        <detaileddescription>
        </detaileddescription>
        <inbodydescription>
        </inbodydescription>
        <location file="include/sensor.h" line="35" column="1" bodyfile="include/sensor.h" bodystart="35" bodyend="-1"/>
      </memberdef>
      <memberdef kind="variable" id="class_sensor_1ae6f4e03bbd96a9c020ee0b737c23a7bf" prot="public" static="no" mutable="no">
        <type>double</type>
        <definition>double Sensor::dt</definition>
        <argsstring></argsstring>
        <name>dt</name>
        <briefdescription>
        </briefdescription>
        <detaileddescription>
        </detaileddescription>
        <inbodydescription>
        </inbodydescription>
        <location file="include/sensor.h" line="37" column="1" bodyfile="include/sensor.h" bodystart="37" bodyend="-1"/>
      </memberdef>
      <memberdef kind="variable" id="class_sensor_1a9cc770795c32650dc738d52e900c7c37" prot="public" static="no" mutable="no">
        <type>double</type>
        <definition>double Sensor::frequency</definition>
        <argsstring></argsstring>
        <name>frequency</name>
        <briefdescription>
        </briefdescription>
        <detaileddescription>
        </detaileddescription>
        <inbodydescription>
        </inbodydescription>
        <location file="include/sensor.h" line="37" column="1" bodyfile="include/sensor.h" bodystart="37" bodyend="-1"/>
      </memberdef>
      <memberdef kind="variable" id="class_sensor_1a3409fcd46e7ba87534325b78b40a93d2" prot="public" static="no" mutable="no">
        <type>double</type>
        <definition>double Sensor::steps_per_data_output</definition>
        <argsstring></argsstring>
        <name>steps_per_data_output</name>
        <briefdescription>
        </briefdescription>
        <detaileddescription>
        </detaileddescription>
        <inbodydescription>
        </inbodydescription>
        <location file="include/sensor.h" line="37" column="1" bodyfile="include/sensor.h" bodystart="37" bodyend="-1"/>
      </memberdef>
      <memberdef kind="variable" id="class_sensor_1a2a9811c9f9fc04523f98276fdc794219" prot="public" static="no" mutable="no">
        <type>double</type>
        <definition>double Sensor::step</definition>
        <argsstring></argsstring>
        <name>step</name>
        <briefdescription>
        </briefdescription>
        <detaileddescription>
        </detaileddescription>
        <inbodydescription>
        </inbodydescription>
        <location file="include/sensor.h" line="37" column="1" bodyfile="include/sensor.h" bodystart="37" bodyend="-1"/>
      </memberdef>
      </sectiondef>
      <sectiondef kind="public-func">
      <memberdef kind="function" id="class_sensor_1a45ddf880a759f03d22818e91860f0901" prot="public" static="no" const="no" explicit="no" inline="no" virt="non-virtual">
        <type>void</type>
        <definition>void Sensor::publishData</definition>
        <argsstring>(Vector6d v_n, Vector3d gps_info)</argsstring>
        <name>publishData</name>
        <param>
          <type>Vector6d</type>
          <declname>v_n</declname>
        </param>
        <param>
          <type>Vector3d</type>
          <declname>gps_info</declname>
        </param>
        <briefdescription>
        </briefdescription>
        <detaileddescription>
        </detaileddescription>
        <inbodydescription>
        </inbodydescription>
        <location file="include/sensor.h" line="16" column="1" bodyfile="src/sensor.cpp" bodystart="29" bodyend="45"/>
      </memberdef>
      <memberdef kind="function" id="class_sensor_1a7fc20251253ec330e00725cf00688ee0" prot="public" static="no" const="no" explicit="no" inline="no" virt="non-virtual">
        <type>void</type>
        <definition>void Sensor::publishData</definition>
        <argsstring>(double u, double v)</argsstring>
        <name>publishData</name>
        <param>
          <type>double</type>
          <declname>u</declname>
        </param>
        <param>
          <type>double</type>
          <declname>v</declname>
        </param>
        <briefdescription>
        </briefdescription>
        <detaileddescription>
        </detaileddescription>
        <inbodydescription>
        </inbodydescription>
        <location file="include/sensor.h" line="18" column="1" bodyfile="src/sensor.cpp" bodystart="18" bodyend="27"/>
      </memberdef>
      <memberdef kind="function" id="class_sensor_1a5f103439ae3ed1cb84e8a35705a3c032" prot="public" static="no" const="no" explicit="no" inline="no" virt="non-virtual">
        <type>void</type>
        <definition>void Sensor::publishData</definition>
        <argsstring>(Vector6d imu_data)</argsstring>
        <name>publishData</name>
        <param>
          <type>Vector6d</type>
          <declname>imu_data</declname>
        </param>
        <briefdescription>
        </briefdescription>
        <detaileddescription>
        </detaileddescription>
        <inbodydescription>
        </inbodydescription>
        <location file="include/sensor.h" line="20" column="1" bodyfile="src/sensor.cpp" bodystart="3" bodyend="16"/>
      </memberdef>
      <memberdef kind="function" id="class_sensor_1af44389030d7336c5a24a87588bb31448" prot="public" static="no" const="no" explicit="no" inline="no" virt="non-virtual">
        <type>void</type>
        <definition>void Sensor::publishData</definition>
        <argsstring>(Vector6d nu, Vector6d eta)</argsstring>
        <name>publishData</name>
        <param>
          <type>Vector6d</type>
          <declname>nu</declname>
        </param>
        <param>
          <type>Vector6d</type>
          <declname>eta</declname>
        </param>
        <briefdescription>
        </briefdescription>
        <detaileddescription>
        </detaileddescription>
        <inbodydescription>
        </inbodydescription>
        <location file="include/sensor.h" line="22" column="1" bodyfile="src/sensor.cpp" bodystart="47" bodyend="71"/>
      </memberdef>
      <memberdef kind="function" id="class_sensor_1ae37c1cfa48a7f25497aae485f6f91265" prot="public" static="no" const="no" explicit="no" inline="no" virt="non-virtual">
        <type>void</type>
        <definition>void Sensor::setStepSize</definition>
        <argsstring>(double stepsize)</argsstring>
        <name>setStepSize</name>
        <param>
          <type>double</type>
          <declname>stepsize</declname>
        </param>
        <briefdescription>
        </briefdescription>
        <detaileddescription>
        </detaileddescription>
        <inbodydescription>
        </inbodydescription>
        <location file="include/sensor.h" line="24" column="1" bodyfile="src/sensor.cpp" bodystart="84" bodyend="84"/>
      </memberdef>
      <memberdef kind="function" id="class_sensor_1afe6b7b2849deccb1818da714de6c36ad" prot="public" static="no" const="no" explicit="no" inline="no" virt="non-virtual">
        <type>void</type>
        <definition>void Sensor::setFrequency</definition>
        <argsstring>(double _frequency)</argsstring>
        <name>setFrequency</name>
        <param>
          <type>double</type>
          <declname>_frequency</declname>
        </param>
        <briefdescription>
        </briefdescription>
        <detaileddescription>
        </detaileddescription>
        <inbodydescription>
        </inbodydescription>
        <location file="include/sensor.h" line="26" column="1" bodyfile="src/sensor.cpp" bodystart="73" bodyend="82"/>
      </memberdef>
      <memberdef kind="function" id="class_sensor_1ac4b9625c973636b3f3c574bc7b2a922d" prot="public" static="no" const="no" explicit="no" inline="no" virt="non-virtual">
        <type>void</type>
        <definition>void Sensor::setNoise</definition>
        <argsstring>()</argsstring>
        <name>setNoise</name>
        <briefdescription>
        </briefdescription>
        <detaileddescription>
        </detaileddescription>
        <inbodydescription>
        </inbodydescription>
        <location file="include/sensor.h" line="28" column="1"/>
      </memberdef>
      </sectiondef>
    <briefdescription>
    </briefdescription>
    <detaileddescription>
    </detaileddescription>
    <inheritancegraph>
      <node id="16">
        <label>Sensor</label>
        <link refid="class_sensor"/>
      </node>
      <node id="17">
        <label>GPS</label>
        <link refid="class_g_p_s"/>
        <childnode refid="16" relation="public-inheritance">
        </childnode>
      </node>
      <node id="18">
        <label>IMU</label>
        <link refid="class_i_m_u"/>
        <childnode refid="16" relation="public-inheritance">
        </childnode>
      </node>
      <node id="20">
        <label>SpeedSensor</label>
        <link refid="class_speed_sensor"/>
        <childnode refid="16" relation="public-inheritance">
        </childnode>
      </node>
      <node id="19">
        <label>MRU</label>
        <link refid="class_m_r_u"/>
        <childnode refid="16" relation="public-inheritance">
        </childnode>
      </node>
    </inheritancegraph>
    <location file="include/sensor.h" line="14" column="1" bodyfile="include/sensor.h" bodystart="14" bodyend="38"/>
    <listofallmembers>
      <member refid="class_sensor_1ae6f4e03bbd96a9c020ee0b737c23a7bf" prot="public" virt="non-virtual"><scope>Sensor</scope><name>dt</name></member>
      <member refid="class_sensor_1a9cc770795c32650dc738d52e900c7c37" prot="public" virt="non-virtual"><scope>Sensor</scope><name>frequency</name></member>
      <member refid="class_sensor_1a811e9071506ad8925dba54b9e40ab5a2" prot="public" virt="non-virtual"><scope>Sensor</scope><name>gps_pub</name></member>
      <member refid="class_sensor_1ab2f14e6d6c5a19338689e7af04fff45e" prot="public" virt="non-virtual"><scope>Sensor</scope><name>imu_pub</name></member>
      <member refid="class_sensor_1a08cb49aa8df3a84c5bb5546b1c11323e" prot="public" virt="non-virtual"><scope>Sensor</scope><name>mru_position_pub</name></member>
      <member refid="class_sensor_1a56727fc8fe63502e44d365297b5666ea" prot="public" virt="non-virtual"><scope>Sensor</scope><name>mru_velocity_pub</name></member>
      <member refid="class_sensor_1a45ddf880a759f03d22818e91860f0901" prot="public" virt="non-virtual"><scope>Sensor</scope><name>publishData</name></member>
      <member refid="class_sensor_1a7fc20251253ec330e00725cf00688ee0" prot="public" virt="non-virtual"><scope>Sensor</scope><name>publishData</name></member>
      <member refid="class_sensor_1a5f103439ae3ed1cb84e8a35705a3c032" prot="public" virt="non-virtual"><scope>Sensor</scope><name>publishData</name></member>
      <member refid="class_sensor_1af44389030d7336c5a24a87588bb31448" prot="public" virt="non-virtual"><scope>Sensor</scope><name>publishData</name></member>
      <member refid="class_sensor_1a3b3c9b96c4ed4ff563181b74fc518b5c" prot="public" virt="non-virtual"><scope>Sensor</scope><name>sensor_handle</name></member>
      <member refid="class_sensor_1afe6b7b2849deccb1818da714de6c36ad" prot="public" virt="non-virtual"><scope>Sensor</scope><name>setFrequency</name></member>
      <member refid="class_sensor_1ac4b9625c973636b3f3c574bc7b2a922d" prot="public" virt="non-virtual"><scope>Sensor</scope><name>setNoise</name></member>
      <member refid="class_sensor_1ae37c1cfa48a7f25497aae485f6f91265" prot="public" virt="non-virtual"><scope>Sensor</scope><name>setStepSize</name></member>
      <member refid="class_sensor_1afc9a4388ae0a7d8bec357af261e9c4a8" prot="public" virt="non-virtual"><scope>Sensor</scope><name>speed_sensor_pub</name></member>
      <member refid="class_sensor_1a2a9811c9f9fc04523f98276fdc794219" prot="public" virt="non-virtual"><scope>Sensor</scope><name>step</name></member>
      <member refid="class_sensor_1a3409fcd46e7ba87534325b78b40a93d2" prot="public" virt="non-virtual"><scope>Sensor</scope><name>steps_per_data_output</name></member>
    </listofallmembers>
  </compounddef>
</doxygen>
