<?xml version='1.0' encoding='UTF-8' standalone='no'?>
<doxygen xmlns:xsi="http://www.w3.org/2001/XMLSchema-instance" xsi:noNamespaceSchemaLocation="compound.xsd" version="1.8.11">
  <compounddef id="dir_68267d1309a1af8e8297ef4c3efbcdba" kind="dir">
    <compoundname>src</compoundname>
    <innerfile refid="gps_8cpp">gps.cpp</innerfile>
    <innerfile refid="hil__simulator_8cpp">hil_simulator.cpp</innerfile>
    <innerfile refid="imu_8cpp">imu.cpp</innerfile>
    <innerfile refid="mru_8cpp">mru.cpp</innerfile>
    <innerfile refid="sensor_8cpp">sensor.cpp</innerfile>
    <innerfile refid="solver_8cpp">solver.cpp</innerfile>
    <innerfile refid="speedsensor_8cpp">speedsensor.cpp</innerfile>
    <innerfile refid="unittest_8cpp">unittest.cpp</innerfile>
    <innerfile refid="vessel_8cpp">vessel.cpp</innerfile>
    <innerfile refid="vesselnode_8cpp">vesselnode.cpp</innerfile>
    <innerfile refid="weather_8cpp">weather.cpp</innerfile>
    <briefdescription>
    </briefdescription>
    <detaileddescription>
    </detaileddescription>
    <location file="src/"/>
  </compounddef>
</doxygen>
