<?xml version='1.0' encoding='UTF-8' standalone='no'?>
<doxygen xmlns:xsi="http://www.w3.org/2001/XMLSchema-instance" xsi:noNamespaceSchemaLocation="compound.xsd" version="1.8.11">
  <compounddef id="dir_d44c64559bbebec7f509842c48db8b23" kind="dir">
    <compoundname>include</compoundname>
    <innerfile refid="gps_8h">gps.h</innerfile>
    <innerfile refid="imu_8h">imu.h</innerfile>
    <innerfile refid="mru_8h">mru.h</innerfile>
    <innerfile refid="sensor_8h">sensor.h</innerfile>
    <innerfile refid="solver_8h">solver.h</innerfile>
    <innerfile refid="speedsensor_8h">speedsensor.h</innerfile>
    <innerfile refid="vessel_8h">vessel.h</innerfile>
    <innerfile refid="vesselnode_8h">vesselnode.h</innerfile>
    <innerfile refid="weather_8h">weather.h</innerfile>
    <briefdescription>
    </briefdescription>
    <detaileddescription>
    </detaileddescription>
    <location file="include/"/>
  </compounddef>
</doxygen>
