<?xml version='1.0' encoding='UTF-8' standalone='no'?>
<doxygen xmlns:xsi="http://www.w3.org/2001/XMLSchema-instance" xsi:noNamespaceSchemaLocation="compound.xsd" version="1.8.11">
  <compounddef id="gps_8h" kind="file" language="C++">
    <compoundname>gps.h</compoundname>
    <includes refid="sensor_8h" local="yes">sensor.h</includes>
    <includes refid="solver_8h" local="yes">solver.h</includes>
    <includedby refid="vessel_8h" local="yes">include/vessel.h</includedby>
    <includedby refid="gps_8cpp" local="yes">src/gps.cpp</includedby>
    <incdepgraph>
      <node id="7">
        <label>solver.h</label>
        <link refid="solver_8h_source"/>
        <childnode refid="3" relation="include">
        </childnode>
      </node>
      <node id="2">
        <label>cmath</label>
      </node>
      <node id="0">
        <label>include/gps.h</label>
        <link refid="gps.h"/>
        <childnode refid="1" relation="include">
        </childnode>
        <childnode refid="7" relation="include">
        </childnode>
      </node>
      <node id="3">
        <label>Eigen/Dense</label>
      </node>
      <node id="5">
        <label>geometry_msgs/Twist.h</label>
      </node>
      <node id="4">
        <label>ros/ros.h</label>
      </node>
      <node id="6">
        <label>simulator_prototype/Gps.h</label>
      </node>
      <node id="1">
        <label>sensor.h</label>
        <link refid="sensor_8h_source"/>
        <childnode refid="2" relation="include">
        </childnode>
        <childnode refid="3" relation="include">
        </childnode>
        <childnode refid="4" relation="include">
        </childnode>
        <childnode refid="5" relation="include">
        </childnode>
        <childnode refid="6" relation="include">
        </childnode>
      </node>
    </incdepgraph>
    <invincdepgraph>
      <node id="10">
        <label>include/vesselnode.h</label>
        <link refid="vesselnode_8h_source"/>
      </node>
      <node id="8">
        <label>include/gps.h</label>
        <link refid="gps.h"/>
        <childnode refid="9" relation="include">
        </childnode>
      </node>
      <node id="9">
        <label>include/vessel.h</label>
        <link refid="vessel_8h_source"/>
        <childnode refid="10" relation="include">
        </childnode>
      </node>
    </invincdepgraph>
    <innerclass refid="class_g_p_s" prot="public">GPS</innerclass>
      <sectiondef kind="typedef">
      <memberdef kind="typedef" id="gps_8h_1a827d6fd2b568970038cb4c5628a806c4" prot="public" static="no">
        <type>Matrix&lt; double, 6, 6 &gt;</type>
        <definition>typedef Matrix&lt;double, 6, 6&gt; Matrix6d</definition>
        <argsstring></argsstring>
        <name>Matrix6d</name>
        <briefdescription>
        </briefdescription>
        <detaileddescription>
        </detaileddescription>
        <inbodydescription>
        </inbodydescription>
        <location file="include/gps.h" line="7" column="1" bodyfile="include/gps.h" bodystart="7" bodyend="-1"/>
      </memberdef>
      </sectiondef>
    <briefdescription>
    </briefdescription>
    <detaileddescription>
    </detaileddescription>
    <programlisting>
<codeline lineno="1"><highlight class="preprocessor">#ifndef<sp/>GPS_H</highlight><highlight class="normal"></highlight></codeline>
<codeline lineno="2"><highlight class="normal"></highlight><highlight class="preprocessor">#define<sp/>GPS_H</highlight><highlight class="normal"></highlight></codeline>
<codeline lineno="3"><highlight class="normal"></highlight></codeline>
<codeline lineno="4"><highlight class="normal"></highlight><highlight class="preprocessor">#include<sp/>&quot;sensor.h&quot;</highlight><highlight class="normal"></highlight></codeline>
<codeline lineno="5"><highlight class="normal"></highlight><highlight class="preprocessor">#include<sp/>&quot;solver.h&quot;</highlight><highlight class="normal"></highlight></codeline>
<codeline lineno="6"><highlight class="normal"></highlight></codeline>
<codeline lineno="7"><highlight class="normal"></highlight><highlight class="keyword">typedef</highlight><highlight class="normal"><sp/>Matrix&lt;double,<sp/>6,<sp/>6&gt;<sp/>Matrix6d;</highlight></codeline>
<codeline lineno="8"><highlight class="normal"></highlight></codeline>
<codeline lineno="9" refid="class_g_p_s" refkind="compound"><highlight class="normal"></highlight><highlight class="keyword">class<sp/></highlight><highlight class="normal"><ref refid="class_g_p_s" kindref="compound">GPS</ref><sp/>:<sp/></highlight><highlight class="keyword">public</highlight><highlight class="normal"><sp/><ref refid="class_sensor" kindref="compound">Sensor</ref><sp/>{</highlight></codeline>
<codeline lineno="10"><highlight class="normal"></highlight><highlight class="keyword">public</highlight><highlight class="normal">:</highlight></codeline>
<codeline lineno="11"><highlight class="normal"><sp/><sp/><ref refid="class_g_p_s" kindref="compound">GPS</ref>();</highlight></codeline>
<codeline lineno="12"><highlight class="normal"><sp/><sp/>~<ref refid="class_g_p_s" kindref="compound">GPS</ref>();</highlight></codeline>
<codeline lineno="13"><highlight class="normal"><sp/><sp/></highlight><highlight class="comment">//<sp/>Receives<sp/>the<sp/>start<sp/>position<sp/>for<sp/>the<sp/>vessel.</highlight><highlight class="normal"></highlight></codeline>
<codeline lineno="14"><highlight class="normal"><sp/><sp/></highlight><highlight class="keywordtype">void</highlight><highlight class="normal"><sp/>receiveStartCoordinates(</highlight><highlight class="keywordtype">double</highlight><highlight class="normal"><sp/>latitute_start,<sp/></highlight><highlight class="keywordtype">double</highlight><highlight class="normal"><sp/>longitude_start);</highlight></codeline>
<codeline lineno="15"><highlight class="normal"></highlight></codeline>
<codeline lineno="16"><highlight class="normal"><sp/><sp/></highlight><highlight class="keywordtype">void</highlight><highlight class="normal"><sp/>publishGpsData(Vector6d<sp/>nu_n,<sp/>Vector6d<sp/>eta);</highlight></codeline>
<codeline lineno="17"><highlight class="normal"></highlight></codeline>
<codeline lineno="18"><highlight class="normal"></highlight><highlight class="keyword">private</highlight><highlight class="normal">:</highlight></codeline>
<codeline lineno="19"><highlight class="normal"><sp/><sp/></highlight><highlight class="comment">//<sp/>Latitude<sp/>and<sp/>longitude<sp/>used<sp/>for<sp/>GPS<sp/>position.</highlight><highlight class="normal"></highlight></codeline>
<codeline lineno="20"><highlight class="normal"><sp/><sp/></highlight><highlight class="keywordtype">long</highlight><highlight class="normal"><sp/></highlight><highlight class="keywordtype">double</highlight><highlight class="normal"><sp/>latitude,<sp/>longitude,<sp/>height;</highlight></codeline>
<codeline lineno="21"><highlight class="normal"><sp/><sp/></highlight><highlight class="comment">//<sp/>Prime<sp/>and<sp/>meridian<sp/>curvatures<sp/>of<sp/>earth</highlight><highlight class="normal"></highlight></codeline>
<codeline lineno="22"><highlight class="normal"><sp/><sp/></highlight><highlight class="keywordtype">long</highlight><highlight class="normal"><sp/></highlight><highlight class="keywordtype">double</highlight><highlight class="normal"><sp/>r_mer,<sp/>r_prime;</highlight></codeline>
<codeline lineno="23"><highlight class="normal"><sp/><sp/></highlight><highlight class="comment">//<sp/>WGS-84<sp/>parameters<sp/>needed<sp/>for<sp/>transformation</highlight><highlight class="normal"></highlight></codeline>
<codeline lineno="24"><highlight class="normal"><sp/><sp/></highlight><highlight class="keywordtype">long</highlight><highlight class="normal"><sp/></highlight><highlight class="keywordtype">double</highlight><highlight class="normal"><sp/>r_e<sp/>=<sp/>6378137;</highlight></codeline>
<codeline lineno="25"><highlight class="normal"><sp/><sp/></highlight><highlight class="keywordtype">long</highlight><highlight class="normal"><sp/></highlight><highlight class="keywordtype">double</highlight><highlight class="normal"><sp/>e<sp/>=<sp/>0.0818191908426215;</highlight></codeline>
<codeline lineno="26"><highlight class="normal"><sp/><sp/></highlight><highlight class="keywordtype">double</highlight><highlight class="normal"><sp/>heading;</highlight></codeline>
<codeline lineno="27"><highlight class="normal"></highlight></codeline>
<codeline lineno="28"><highlight class="normal"></highlight></codeline>
<codeline lineno="29"><highlight class="normal"><sp/><sp/><ref refid="class_numerical_solver" kindref="compound">NumericalSolver</ref><sp/>solver;</highlight></codeline>
<codeline lineno="30"><highlight class="normal"></highlight></codeline>
<codeline lineno="31"><highlight class="normal"><sp/><sp/>Matrix6d<sp/>A;</highlight></codeline>
<codeline lineno="32"><highlight class="normal"></highlight></codeline>
<codeline lineno="33"><highlight class="normal"><sp/><sp/></highlight><highlight class="keywordtype">void</highlight><highlight class="normal"><sp/>getHeading(Vector6d<sp/>eta);</highlight></codeline>
<codeline lineno="34"><highlight class="normal"></highlight></codeline>
<codeline lineno="35"><highlight class="normal"><sp/><sp/></highlight><highlight class="keywordtype">void</highlight><highlight class="normal"><sp/>updateCurvatures();</highlight></codeline>
<codeline lineno="36"><highlight class="normal"></highlight></codeline>
<codeline lineno="37"><highlight class="normal"><sp/><sp/></highlight><highlight class="keywordtype">void</highlight><highlight class="normal"><sp/>calculateNextPosition();</highlight></codeline>
<codeline lineno="38"><highlight class="normal"></highlight></codeline>
<codeline lineno="39"><highlight class="normal"><sp/><sp/>Vector3d<sp/>getSpeedAndTrack(Vector6d<sp/>eta);</highlight></codeline>
<codeline lineno="40"><highlight class="normal"></highlight></codeline>
<codeline lineno="41"><highlight class="normal"><sp/><sp/>Vector6d<sp/>positionFunction(Vector6d<sp/>position_in);</highlight></codeline>
<codeline lineno="42"><highlight class="normal"></highlight></codeline>
<codeline lineno="43"><highlight class="normal"><sp/><sp/>Vector6d<sp/>gps_position,<sp/>v_n;</highlight></codeline>
<codeline lineno="44"><highlight class="normal"></highlight></codeline>
<codeline lineno="45"><highlight class="normal"></highlight></codeline>
<codeline lineno="46"><highlight class="normal"><sp/><sp/></highlight><highlight class="comment">//<sp/>Uses<sp/>the<sp/>NED<sp/>velocity<sp/>received<sp/>to<sp/>calculate<sp/>the<sp/>change<sp/>in<sp/>GPS<sp/>coordinates,</highlight><highlight class="normal"></highlight></codeline>
<codeline lineno="47"><highlight class="normal"><sp/><sp/></highlight><highlight class="comment">//<sp/>and<sp/>integrates<sp/>to<sp/>get<sp/>the<sp/>new<sp/>GPS<sp/>coordinates.</highlight><highlight class="normal"></highlight></codeline>
<codeline lineno="48"><highlight class="normal">};</highlight></codeline>
<codeline lineno="49"><highlight class="normal"></highlight></codeline>
<codeline lineno="50"><highlight class="normal"></highlight><highlight class="preprocessor">#endif</highlight></codeline>
    </programlisting>
    <location file="include/gps.h"/>
  </compounddef>
</doxygen>
