<?xml version='1.0' encoding='UTF-8' standalone='no'?>
<doxygen xmlns:xsi="http://www.w3.org/2001/XMLSchema-instance" xsi:noNamespaceSchemaLocation="compound.xsd" version="1.8.11">
  <compounddef id="hil__simulator_8cpp" kind="file" language="C++">
    <compoundname>hil_simulator.cpp</compoundname>
    <includes refid="vesselnode_8h" local="yes">vesselnode.h</includes>
    <incdepgraph>
      <node id="110">
        <label>vesselnode.h</label>
        <link refid="vesselnode_8h_source"/>
        <childnode refid="111" relation="include">
        </childnode>
      </node>
      <node id="119">
        <label>solver.h</label>
        <link refid="solver_8h_source"/>
        <childnode refid="113" relation="include">
        </childnode>
      </node>
      <node id="115">
        <label>tf/transform_broadcaster.h</label>
      </node>
      <node id="121">
        <label>cmath</label>
      </node>
      <node id="118">
        <label>nav_msgs/Odometry.h</label>
      </node>
      <node id="125">
        <label>gps.h</label>
        <link refid="gps_8h_source"/>
        <childnode refid="120" relation="include">
        </childnode>
        <childnode refid="119" relation="include">
        </childnode>
      </node>
      <node id="109">
        <label>src/hil_simulator.cpp</label>
        <link refid="hil_simulator.cpp"/>
        <childnode refid="110" relation="include">
        </childnode>
      </node>
      <node id="113">
        <label>Eigen/Dense</label>
      </node>
      <node id="116">
        <label>geometry_msgs/PoseStamped.h</label>
      </node>
      <node id="117">
        <label>geometry_msgs/Twist.h</label>
      </node>
      <node id="124">
        <label>imu.h</label>
        <link refid="imu_8h_source"/>
        <childnode refid="120" relation="include">
        </childnode>
      </node>
      <node id="112">
        <label>ros/ros.h</label>
      </node>
      <node id="114">
        <label>math.h</label>
      </node>
      <node id="122">
        <label>simulator_prototype/Gps.h</label>
      </node>
      <node id="123">
        <label>mru.h</label>
        <link refid="mru_8h_source"/>
        <childnode refid="120" relation="include">
        </childnode>
      </node>
      <node id="111">
        <label>vessel.h</label>
        <link refid="vessel_8h_source"/>
        <childnode refid="112" relation="include">
        </childnode>
        <childnode refid="113" relation="include">
        </childnode>
        <childnode refid="114" relation="include">
        </childnode>
        <childnode refid="115" relation="include">
        </childnode>
        <childnode refid="116" relation="include">
        </childnode>
        <childnode refid="117" relation="include">
        </childnode>
        <childnode refid="118" relation="include">
        </childnode>
        <childnode refid="119" relation="include">
        </childnode>
        <childnode refid="120" relation="include">
        </childnode>
        <childnode refid="123" relation="include">
        </childnode>
        <childnode refid="124" relation="include">
        </childnode>
        <childnode refid="125" relation="include">
        </childnode>
        <childnode refid="126" relation="include">
        </childnode>
      </node>
      <node id="126">
        <label>speedsensor.h</label>
        <link refid="speedsensor_8h_source"/>
        <childnode refid="120" relation="include">
        </childnode>
        <childnode refid="112" relation="include">
        </childnode>
      </node>
      <node id="120">
        <label>sensor.h</label>
        <link refid="sensor_8h_source"/>
        <childnode refid="121" relation="include">
        </childnode>
        <childnode refid="113" relation="include">
        </childnode>
        <childnode refid="112" relation="include">
        </childnode>
        <childnode refid="117" relation="include">
        </childnode>
        <childnode refid="122" relation="include">
        </childnode>
      </node>
    </incdepgraph>
      <sectiondef kind="func">
      <memberdef kind="function" id="hil__simulator_8cpp_1a0ddf1224851353fc92bfbff6f499fa97" prot="public" static="no" const="no" explicit="no" inline="no" virt="non-virtual">
        <type>int</type>
        <definition>int main</definition>
        <argsstring>(int argc, char *argv[])</argsstring>
        <name>main</name>
        <param>
          <type>int</type>
          <declname>argc</declname>
        </param>
        <param>
          <type>char *</type>
          <declname>argv</declname>
          <array>[]</array>
        </param>
        <briefdescription>
        </briefdescription>
        <detaileddescription>
        </detaileddescription>
        <inbodydescription>
        </inbodydescription>
        <location file="src/hil_simulator.cpp" line="3" column="1" bodyfile="src/hil_simulator.cpp" bodystart="3" bodyend="22"/>
      </memberdef>
      </sectiondef>
    <briefdescription>
    </briefdescription>
    <detaileddescription>
    </detaileddescription>
    <programlisting>
<codeline lineno="1"><highlight class="preprocessor">#include<sp/>&quot;vesselnode.h&quot;</highlight><highlight class="normal"></highlight></codeline>
<codeline lineno="2"><highlight class="normal"></highlight></codeline>
<codeline lineno="3"><highlight class="normal"></highlight><highlight class="keywordtype">int</highlight><highlight class="normal"><sp/>main(</highlight><highlight class="keywordtype">int</highlight><highlight class="normal"><sp/>argc,<sp/></highlight><highlight class="keywordtype">char</highlight><highlight class="normal"><sp/>*argv[])<sp/>{</highlight></codeline>
<codeline lineno="4"><highlight class="normal"></highlight></codeline>
<codeline lineno="5"><highlight class="normal"><sp/><sp/>ros::init(argc,<sp/>argv,<sp/></highlight><highlight class="stringliteral">&quot;hil_simulator_node&quot;</highlight><highlight class="normal">);</highlight></codeline>
<codeline lineno="6"><highlight class="normal"><sp/><sp/>ros::start();</highlight></codeline>
<codeline lineno="7"><highlight class="normal"><sp/><sp/>ROS_INFO(</highlight><highlight class="stringliteral">&quot;Started<sp/>HIL<sp/>Simulator<sp/>node,<sp/>waiting<sp/>for<sp/>RViz<sp/>to<sp/>get<sp/>ready&quot;</highlight><highlight class="normal">);</highlight></codeline>
<codeline lineno="8"><highlight class="normal"><sp/><sp/>ros::Duration(5).sleep();<sp/></highlight><highlight class="comment">//<sp/>Wait<sp/>for<sp/>RViz<sp/>to<sp/>start</highlight><highlight class="normal"></highlight></codeline>
<codeline lineno="9"><highlight class="normal"><sp/><sp/>ROS_INFO(</highlight><highlight class="stringliteral">&quot;Starting<sp/>simulation&quot;</highlight><highlight class="normal">);</highlight></codeline>
<codeline lineno="10"><highlight class="normal"><sp/><sp/><ref refid="class_vessel_node" kindref="compound">VesselNode</ref><sp/>vessel_node;</highlight></codeline>
<codeline lineno="11"><highlight class="normal"><sp/><sp/>ros::Rate<sp/>loopRate(1<sp/>/<sp/>vessel_node.getDT());</highlight></codeline>
<codeline lineno="12"><highlight class="normal"></highlight></codeline>
<codeline lineno="13"><highlight class="normal"><sp/><sp/></highlight><highlight class="keywordflow">while</highlight><highlight class="normal"><sp/>(ros::ok())<sp/>{</highlight></codeline>
<codeline lineno="14"><highlight class="normal"><sp/><sp/><sp/><sp/>vessel_node.step();</highlight></codeline>
<codeline lineno="15"><highlight class="normal"><sp/><sp/><sp/><sp/>ros::spinOnce();</highlight></codeline>
<codeline lineno="16"><highlight class="normal"><sp/><sp/><sp/><sp/>loopRate.sleep();</highlight></codeline>
<codeline lineno="17"><highlight class="normal"><sp/><sp/>}</highlight></codeline>
<codeline lineno="18"><highlight class="normal"></highlight></codeline>
<codeline lineno="19"><highlight class="normal"><sp/><sp/>ROS_INFO(</highlight><highlight class="stringliteral">&quot;Exiting<sp/>HIL<sp/>Simulator<sp/>node&quot;</highlight><highlight class="normal">);</highlight></codeline>
<codeline lineno="20"><highlight class="normal"><sp/><sp/>ros::shutdown();</highlight></codeline>
<codeline lineno="21"><highlight class="normal"><sp/><sp/></highlight><highlight class="keywordflow">return</highlight><highlight class="normal"><sp/>0;</highlight></codeline>
<codeline lineno="22"><highlight class="normal">}</highlight></codeline>
    </programlisting>
    <location file="src/hil_simulator.cpp"/>
  </compounddef>
</doxygen>
