<?xml version='1.0' encoding='UTF-8' standalone='no'?>
<doxygen xmlns:xsi="http://www.w3.org/2001/XMLSchema-instance" xsi:noNamespaceSchemaLocation="compound.xsd" version="1.8.11">
  <compounddef id="imu_8cpp" kind="file" language="C++">
    <compoundname>imu.cpp</compoundname>
    <includes refid="imu_8h" local="yes">imu.h</includes>
    <incdepgraph>
      <node id="131">
        <label>cmath</label>
      </node>
      <node id="128">
        <label>src/imu.cpp</label>
        <link refid="imu.cpp"/>
        <childnode refid="129" relation="include">
        </childnode>
      </node>
      <node id="132">
        <label>Eigen/Dense</label>
      </node>
      <node id="134">
        <label>geometry_msgs/Twist.h</label>
      </node>
      <node id="129">
        <label>imu.h</label>
        <link refid="imu_8h_source"/>
        <childnode refid="130" relation="include">
        </childnode>
      </node>
      <node id="133">
        <label>ros/ros.h</label>
      </node>
      <node id="135">
        <label>simulator_prototype/Gps.h</label>
      </node>
      <node id="130">
        <label>sensor.h</label>
        <link refid="sensor_8h_source"/>
        <childnode refid="131" relation="include">
        </childnode>
        <childnode refid="132" relation="include">
        </childnode>
        <childnode refid="133" relation="include">
        </childnode>
        <childnode refid="134" relation="include">
        </childnode>
        <childnode refid="135" relation="include">
        </childnode>
      </node>
    </incdepgraph>
    <briefdescription>
    </briefdescription>
    <detaileddescription>
    </detaileddescription>
    <programlisting>
<codeline lineno="1"><highlight class="preprocessor">#include<sp/>&quot;imu.h&quot;</highlight><highlight class="normal"></highlight></codeline>
<codeline lineno="2"><highlight class="normal"></highlight></codeline>
<codeline lineno="3"><highlight class="normal">IMU::IMU()<sp/>{}</highlight></codeline>
<codeline lineno="4"><highlight class="normal">IMU::~IMU()<sp/>{}</highlight></codeline>
<codeline lineno="5"><highlight class="normal"></highlight></codeline>
<codeline lineno="6"><highlight class="normal"></highlight><highlight class="keywordtype">void</highlight><highlight class="normal"><sp/>IMU::publishImuData(Vector6d<sp/>nu_dot,<sp/>Vector6d<sp/>nu)<sp/>{</highlight></codeline>
<codeline lineno="7"><highlight class="normal"><sp/><sp/><sp/><sp/>Vector6d<sp/>imu_data;</highlight></codeline>
<codeline lineno="8"><highlight class="normal"><sp/><sp/>publishData(imu_data);</highlight></codeline>
<codeline lineno="9"><highlight class="normal">}</highlight></codeline>
    </programlisting>
    <location file="src/imu.cpp"/>
  </compounddef>
</doxygen>
