<?xml version='1.0' encoding='UTF-8' standalone='no'?>
<doxygenindex xmlns:xsi="http://www.w3.org/2001/XMLSchema-instance" xsi:noNamespaceSchemaLocation="index.xsd" version="1.8.11">
  <compound refid="class_g_p_s" kind="class"><name>GPS</name>
    <member refid="class_g_p_s_1a63e9c5b73e963ba91f272adac1905c05" kind="variable"><name>latitude</name></member>
    <member refid="class_g_p_s_1a52d6e4fa45ab5fc66cd427fe1e92de66" kind="variable"><name>longitude</name></member>
    <member refid="class_g_p_s_1ae8f64f9c3461fee739b9c12dd7c341ce" kind="variable"><name>height</name></member>
    <member refid="class_g_p_s_1a56b0f4d7061aa0c5140afa2cfe2957a2" kind="variable"><name>r_mer</name></member>
    <member refid="class_g_p_s_1a182267583a94c6db17c9327c7f806522" kind="variable"><name>r_prime</name></member>
    <member refid="class_g_p_s_1adb64b28946395933c37a2d09aaca2f87" kind="variable"><name>r_e</name></member>
    <member refid="class_g_p_s_1aa08d77a0e7cff6bb890d1c45d165cd29" kind="variable"><name>e</name></member>
    <member refid="class_g_p_s_1a28c0632f54575fde0265b187ac5d8a00" kind="variable"><name>heading</name></member>
    <member refid="class_g_p_s_1ad3e71e6bf53d367bb020ea24103a46e2" kind="variable"><name>solver</name></member>
    <member refid="class_g_p_s_1ab253173d17b114c903590b88a09281c7" kind="variable"><name>A</name></member>
    <member refid="class_g_p_s_1a03cedfa9d1b41fe2af10439ed3c55d92" kind="variable"><name>gps_position</name></member>
    <member refid="class_g_p_s_1adb0350c4ae8b3ccfa2a79686b058363f" kind="variable"><name>v_n</name></member>
    <member refid="class_g_p_s_1a0c347a188512d0d5cf7ed5c91b145fc4" kind="function"><name>GPS</name></member>
    <member refid="class_g_p_s_1afe84b00ea93254fcb8b84a0f2b240c9d" kind="function"><name>~GPS</name></member>
    <member refid="class_g_p_s_1a0d42ac91be4e0f9c53735f60029dac69" kind="function"><name>receiveStartCoordinates</name></member>
    <member refid="class_g_p_s_1a772b3562596d25e2992f21c923f29d32" kind="function"><name>publishGpsData</name></member>
    <member refid="class_g_p_s_1a2a390ae53c28f6ce88d29121e19abe21" kind="function"><name>getHeading</name></member>
    <member refid="class_g_p_s_1ae669d6eb2aaaf612e1c49f758a3fdc3e" kind="function"><name>updateCurvatures</name></member>
    <member refid="class_g_p_s_1a7fe7b5a284d5145f41542fd09f58a4b2" kind="function"><name>calculateNextPosition</name></member>
    <member refid="class_g_p_s_1a80e368fcc68a65e4eda6677d9674e780" kind="function"><name>getSpeedAndTrack</name></member>
    <member refid="class_g_p_s_1affaccf207db7fab0e2493b94ea375f87" kind="function"><name>positionFunction</name></member>
  </compound>
  <compound refid="class_i_m_u" kind="class"><name>IMU</name>
    <member refid="class_i_m_u_1a5d36c5fa0688efe1a013679dbdcef4cc" kind="function"><name>IMU</name></member>
    <member refid="class_i_m_u_1ad1f213d1e6aa08988ff683feab721559" kind="function"><name>~IMU</name></member>
    <member refid="class_i_m_u_1a2d525fcbec09c226ec4c7df75f52a623" kind="function"><name>publishImuData</name></member>
  </compound>
  <compound refid="class_m_r_u" kind="class"><name>MRU</name>
    <member refid="class_m_r_u_1a65a290afabb2a4d15e59daea8436fa67" kind="function"><name>MRU</name></member>
    <member refid="class_m_r_u_1a9a5161752ac51eea5d29228e881b1c8a" kind="function"><name>~MRU</name></member>
    <member refid="class_m_r_u_1ac3926b4ce79a4ddc075597bf8a20114e" kind="function"><name>publishMruData</name></member>
  </compound>
  <compound refid="class_numerical_solver" kind="class"><name>NumericalSolver</name>
    <member refid="class_numerical_solver_1afb8890c4e2ca28d83618ebb8d5d92a40" kind="variable"><name>epsilon</name></member>
    <member refid="class_numerical_solver_1a820f9ececb6053b7c698b713fe63b8d4" kind="variable"><name>t</name></member>
    <member refid="class_numerical_solver_1abfd49621bc1dc6a3d9ab17fcf927e900" kind="variable"><name>y</name></member>
    <member refid="class_numerical_solver_1a61c3dbeb72ea9e38497cab19e2a13dd0" kind="variable"><name>h</name></member>
    <member refid="class_numerical_solver_1ae084d982a43c4e79dfc64709a98bf2a8" kind="variable"><name>h_min</name></member>
    <member refid="class_numerical_solver_1acf5b7cda252abcad36fc7cd4744d94ee" kind="variable"><name>h_max</name></member>
    <member refid="class_numerical_solver_1a4a12d3cb2fe4d57959c4afadf83587fe" kind="variable"><name>a21</name></member>
    <member refid="class_numerical_solver_1ac7342c2cc07fe0615c67c0201f18b6f2" kind="variable"><name>a31</name></member>
    <member refid="class_numerical_solver_1aab4f92c00be318b92ddb98490b74873c" kind="variable"><name>a32</name></member>
    <member refid="class_numerical_solver_1a03392893e3f74427a1a9e37e95b68d38" kind="variable"><name>a41</name></member>
    <member refid="class_numerical_solver_1a5296cbd0ddb9831e9956c449a4e6cd8f" kind="variable"><name>a42</name></member>
    <member refid="class_numerical_solver_1a7e4b18d68e7dcde10516f8235a0d7f30" kind="variable"><name>a43</name></member>
    <member refid="class_numerical_solver_1a83fea8ee882c5ce66bab8cc1e9e8dbc8" kind="variable"><name>a51</name></member>
    <member refid="class_numerical_solver_1ae3c12d6b4663e9e440b85aee47c8b47b" kind="variable"><name>a52</name></member>
    <member refid="class_numerical_solver_1a88bf012d7679849890b0b1972051ec88" kind="variable"><name>a53</name></member>
    <member refid="class_numerical_solver_1a958f7b76784d340ac947179bd7c24b81" kind="variable"><name>a54</name></member>
    <member refid="class_numerical_solver_1ae071af6e19e60053b854d2cd8db5c652" kind="variable"><name>a61</name></member>
    <member refid="class_numerical_solver_1a430fe6458279b591395e75076744d7cb" kind="variable"><name>a62</name></member>
    <member refid="class_numerical_solver_1ae6b9e8d173b12139cda750ec391b040d" kind="variable"><name>a63</name></member>
    <member refid="class_numerical_solver_1a106096496b16b7766d6df4648ebeba5e" kind="variable"><name>a64</name></member>
    <member refid="class_numerical_solver_1a68f838e70f4e9a48572361fed9be0d37" kind="variable"><name>a65</name></member>
    <member refid="class_numerical_solver_1a3a317078414074b35576a56b52c990e9" kind="variable"><name>a71</name></member>
    <member refid="class_numerical_solver_1a7e39ec51fe853923df65ae2beea5c052" kind="variable"><name>a72</name></member>
    <member refid="class_numerical_solver_1a9f95c14fab884bf26aa28925dd11fafb" kind="variable"><name>a73</name></member>
    <member refid="class_numerical_solver_1aaf7b397e5d20e9d231f41815b7d449df" kind="variable"><name>a74</name></member>
    <member refid="class_numerical_solver_1a5a9ea766c579b905b2db2b13a2515bab" kind="variable"><name>a75</name></member>
    <member refid="class_numerical_solver_1a6f8184a3b4c2617889cc09b9c23f55e2" kind="variable"><name>a76</name></member>
    <member refid="class_numerical_solver_1a4eb3e49b7a0b1fdd22563418fcabfd77" kind="variable"><name>c2</name></member>
    <member refid="class_numerical_solver_1a0570fa7009b46ce177caef91a3c5e1cf" kind="variable"><name>c3</name></member>
    <member refid="class_numerical_solver_1a625be6001aa5e1dd7d36ad66c3d7f9ff" kind="variable"><name>c4</name></member>
    <member refid="class_numerical_solver_1a4f9fef3a4e2996b63d064c2833195aa7" kind="variable"><name>c5</name></member>
    <member refid="class_numerical_solver_1ac1f0a84f237acbafbdc03b81c0f8c775" kind="variable"><name>c6</name></member>
    <member refid="class_numerical_solver_1ada4bd22795caa2a04083bf4d329be842" kind="variable"><name>c7</name></member>
    <member refid="class_numerical_solver_1ad8e9b376edb4947c43a63fff1febac30" kind="variable"><name>b11</name></member>
    <member refid="class_numerical_solver_1ade1238dee1b62e9e2592889ac06048c0" kind="variable"><name>b12</name></member>
    <member refid="class_numerical_solver_1ae69c75b1d7ecd2f62dc29f23230ba1af" kind="variable"><name>b13</name></member>
    <member refid="class_numerical_solver_1a092eae02f3835e4612090373e66f6264" kind="variable"><name>b14</name></member>
    <member refid="class_numerical_solver_1a6e1da4c2d5ea3efd65fdc60b85d4fe6e" kind="variable"><name>b15</name></member>
    <member refid="class_numerical_solver_1a6756b4ba3befd89e1f1e21eeaecc0d11" kind="variable"><name>b16</name></member>
    <member refid="class_numerical_solver_1a0e8605020eeaa4c804cfba14e3579e0b" kind="variable"><name>b17</name></member>
    <member refid="class_numerical_solver_1a98f579fad728d51b64ed620aba39119e" kind="variable"><name>b21</name></member>
    <member refid="class_numerical_solver_1a9d0fd5b94af289c06400b6b1a0faae93" kind="variable"><name>b22</name></member>
    <member refid="class_numerical_solver_1a24def4410d7104761f697b6cff8fc057" kind="variable"><name>b23</name></member>
    <member refid="class_numerical_solver_1adcadb6d5073426e00cee9009642e2bf9" kind="variable"><name>b24</name></member>
    <member refid="class_numerical_solver_1a7e189696b82f961428aace50a8de16fa" kind="variable"><name>b25</name></member>
    <member refid="class_numerical_solver_1a353b1e5d87fff5b4a21dcb99fcaff04d" kind="variable"><name>b26</name></member>
    <member refid="class_numerical_solver_1a9e239affbdac0b6072d6b44243b708d4" kind="variable"><name>b27</name></member>
    <member refid="class_numerical_solver_1a93ef81dfb4ef831a5450bf8fa837a9a7" kind="variable"><name>k1v</name></member>
    <member refid="class_numerical_solver_1acc393c1ef473672544099ad982899440" kind="variable"><name>k2v</name></member>
    <member refid="class_numerical_solver_1a9d591f1d328805ec3126cb1c06b9cf24" kind="variable"><name>k3v</name></member>
    <member refid="class_numerical_solver_1a5008982363bc64e6470d3f2b21f2fe5e" kind="variable"><name>k4v</name></member>
    <member refid="class_numerical_solver_1a20b7c5b49cf40832eebc0758e9dda731" kind="variable"><name>k5v</name></member>
    <member refid="class_numerical_solver_1a1472bad71e92d0c36e181784841af4dd" kind="variable"><name>k6v</name></member>
    <member refid="class_numerical_solver_1a346e784e7ed2a87f86d7d9742ad9e28a" kind="variable"><name>k7v</name></member>
    <member refid="class_numerical_solver_1a91c473d6e9a890cfaff1ffd8252d6647" kind="variable"><name>zv</name></member>
    <member refid="class_numerical_solver_1a77191b6497e19b1c979faf7ae6577408" kind="variable"><name>sv</name></member>
    <member refid="class_numerical_solver_1a1e67e7d370ffcbda9f00f62b67f2b222" kind="variable"><name>errv</name></member>
    <member refid="class_numerical_solver_1a673b842601123aceb987b4b9b87832a0" kind="function"><name>NumericalSolver</name></member>
    <member refid="class_numerical_solver_1a0ff7da11a3a8a0770e0f1be92030efe8" kind="function"><name>~NumericalSolver</name></member>
    <member refid="class_numerical_solver_1ac91717b927990eae2c14f01b4f5d14bc" kind="function"><name>initializeSolver</name></member>
  </compound>
  <compound refid="structpub_sub_helper" kind="struct"><name>pubSubHelper</name>
    <member refid="structpub_sub_helper_1a9ff07f43c4df37706418b77548236461" kind="variable"><name>numRecMessages</name></member>
    <member refid="structpub_sub_helper_1ad078027647718453f1340be7d43332e8" kind="function"><name>callback</name></member>
  </compound>
  <compound refid="class_sensor" kind="class"><name>Sensor</name>
    <member refid="class_sensor_1a3b3c9b96c4ed4ff563181b74fc518b5c" kind="variable"><name>sensor_handle</name></member>
    <member refid="class_sensor_1a811e9071506ad8925dba54b9e40ab5a2" kind="variable"><name>gps_pub</name></member>
    <member refid="class_sensor_1a56727fc8fe63502e44d365297b5666ea" kind="variable"><name>mru_velocity_pub</name></member>
    <member refid="class_sensor_1a08cb49aa8df3a84c5bb5546b1c11323e" kind="variable"><name>mru_position_pub</name></member>
    <member refid="class_sensor_1ab2f14e6d6c5a19338689e7af04fff45e" kind="variable"><name>imu_pub</name></member>
    <member refid="class_sensor_1afc9a4388ae0a7d8bec357af261e9c4a8" kind="variable"><name>speed_sensor_pub</name></member>
    <member refid="class_sensor_1ae6f4e03bbd96a9c020ee0b737c23a7bf" kind="variable"><name>dt</name></member>
    <member refid="class_sensor_1a9cc770795c32650dc738d52e900c7c37" kind="variable"><name>frequency</name></member>
    <member refid="class_sensor_1a3409fcd46e7ba87534325b78b40a93d2" kind="variable"><name>steps_per_data_output</name></member>
    <member refid="class_sensor_1a2a9811c9f9fc04523f98276fdc794219" kind="variable"><name>step</name></member>
    <member refid="class_sensor_1a45ddf880a759f03d22818e91860f0901" kind="function"><name>publishData</name></member>
    <member refid="class_sensor_1a7fc20251253ec330e00725cf00688ee0" kind="function"><name>publishData</name></member>
    <member refid="class_sensor_1a5f103439ae3ed1cb84e8a35705a3c032" kind="function"><name>publishData</name></member>
    <member refid="class_sensor_1af44389030d7336c5a24a87588bb31448" kind="function"><name>publishData</name></member>
    <member refid="class_sensor_1ae37c1cfa48a7f25497aae485f6f91265" kind="function"><name>setStepSize</name></member>
    <member refid="class_sensor_1afe6b7b2849deccb1818da714de6c36ad" kind="function"><name>setFrequency</name></member>
    <member refid="class_sensor_1ac4b9625c973636b3f3c574bc7b2a922d" kind="function"><name>setNoise</name></member>
  </compound>
  <compound refid="class_speed_sensor" kind="class"><name>SpeedSensor</name>
    <member refid="class_speed_sensor_1ad02318fb004eb22969ce56dd88b4571f" kind="function"><name>SpeedSensor</name></member>
    <member refid="class_speed_sensor_1a0eda8487ea7670c4c834aac3be1016b1" kind="function"><name>~SpeedSensor</name></member>
    <member refid="class_speed_sensor_1ae141c26517458aac01a12281a7f6b96f" kind="function"><name>publishSpeedSensorData</name></member>
  </compound>
  <compound refid="class_vessel" kind="class"><name>Vessel</name>
    <member refid="class_vessel_1a6a8f75c5777179900640c93dc1691a25" kind="variable"><name>M_det</name></member>
    <member refid="class_vessel_1a231ca9563c711e1b0bf29084f1796e18" kind="variable"><name>solver</name></member>
    <member refid="class_vessel_1add0cfda493e5f856fb12b35032ceaa92" kind="variable"><name>imu</name></member>
    <member refid="class_vessel_1a3c5c5b7b699b0c52e8b03bc170259e96" kind="variable"><name>gps</name></member>
    <member refid="class_vessel_1ac915dee4af3ac24e88709bce23f54f98" kind="variable"><name>mru</name></member>
    <member refid="class_vessel_1a9a198dd36855b12739a2d16fb881e5f1" kind="variable"><name>speedSensor</name></member>
    <member refid="class_vessel_1a82f0c8a7899c4a2d463ac75bb28c95e6" kind="variable"><name>eta</name></member>
    <member refid="class_vessel_1a84f338cc9323a4f162bd98de929d8163" kind="variable"><name>nu</name></member>
    <member refid="class_vessel_1a71894bd735b6b1a5812c6c9f120cc21e" kind="variable"><name>nu_r</name></member>
    <member refid="class_vessel_1a64098443a33275b252f60b38cc9db36a" kind="variable"><name>nu_c_b</name></member>
    <member refid="class_vessel_1a0bde4f9b04346a9ae9cb89fb21f09a00" kind="variable"><name>nu_c_n</name></member>
    <member refid="class_vessel_1af460ea9fe1940c530acda51989b00c4f" kind="variable"><name>nu_dot</name></member>
    <member refid="class_vessel_1a3ca992730ec04a147c1bef72e4fa2a6e" kind="variable"><name>delta_nu</name></member>
    <member refid="class_vessel_1add92197c51ab1959ce73bb3ecdadfd8d" kind="variable"><name>mu</name></member>
    <member refid="class_vessel_1a7af7f485b02476a49b195d9f4b1eef37" kind="variable"><name>nu_n</name></member>
    <member refid="class_vessel_1ad0782733e8edd2ca21477f85e1cd144a" kind="variable"><name>tau_control</name></member>
    <member refid="class_vessel_1a2b41a3f5c94a84111ec6586af7a47ebd" kind="variable"><name>tau_wind</name></member>
    <member refid="class_vessel_1aba88fc365458e4324b1c9e61a74f0db5" kind="variable"><name>tau_current</name></member>
    <member refid="class_vessel_1a4188ccfa621428f95dea0d9a1444e0cb" kind="variable"><name>tau_waves</name></member>
    <member refid="class_vessel_1a6771a9b8aa1550dd6e2635383f575d70" kind="variable"><name>tau_total</name></member>
    <member refid="class_vessel_1ab96f29d41c664b1de85b65e8a1883322" kind="variable"><name>M_rb</name></member>
    <member refid="class_vessel_1a5871adcb074b8a18f1fdcbb4b17b8e32" kind="variable"><name>M_a</name></member>
    <member refid="class_vessel_1a7a7b03da7dc218b4bc76c1ed32c96130" kind="variable"><name>M</name></member>
    <member refid="class_vessel_1afd8255a547432fde1d1a96573c145a47" kind="variable"><name>M_inv</name></member>
    <member refid="class_vessel_1a78199dedc7a247bc138a4e891d6b6491" kind="variable"><name>C</name></member>
    <member refid="class_vessel_1a38c03a60d876359d6eefaf4df2ef9c44" kind="variable"><name>C_a</name></member>
    <member refid="class_vessel_1a6dc42b250e5bd83cd365dfe2a91936d9" kind="variable"><name>C_rb</name></member>
    <member refid="class_vessel_1a82af274d2520feae757f7aee39fd5d09" kind="variable"><name>D</name></member>
    <member refid="class_vessel_1a5af3e329327e74c54cde674e30e302ba" kind="variable"><name>J</name></member>
    <member refid="class_vessel_1aad1b041a84319679ec436ae470823d9a" kind="variable"><name>G</name></member>
    <member refid="class_vessel_1a6348e452612fe32fabcb144c981571f7" kind="variable"><name>A_11</name></member>
    <member refid="class_vessel_1a7f201f60054b75570a56e8cea7110014" kind="variable"><name>A_22</name></member>
    <member refid="class_vessel_1af84fbfeb76acb2258c7e2a095aba67d4" kind="variable"><name>A_33</name></member>
    <member refid="class_vessel_1a976cd594726adca82afa5f9004f538d4" kind="variable"><name>A_55</name></member>
    <member refid="class_vessel_1ab209a3b56697b171e26846f7951d5aa8" kind="variable"><name>A_66</name></member>
    <member refid="class_vessel_1a8a65de4d1861a75910f10d195891af8f" kind="variable"><name>A_53</name></member>
    <member refid="class_vessel_1a24116f34936e8ff0a3c77e32182502c9" kind="variable"><name>A_35</name></member>
    <member refid="class_vessel_1a9a166ea7c2799e7962e325bb98de4f98" kind="variable"><name>A_44</name></member>
    <member refid="class_vessel_1a5e8d080589fe004a5670bf6678b2091c" kind="variable"><name>A_24</name></member>
    <member refid="class_vessel_1a4a09ae4317540e3ed0300fc7559f7e49" kind="variable"><name>A_42</name></member>
    <member refid="class_vessel_1a27b67486a61ade00c0db90ca57ee081c" kind="variable"><name>A_26</name></member>
    <member refid="class_vessel_1ac28bcded24791ff2241fa88695e19975" kind="variable"><name>A_46</name></member>
    <member refid="class_vessel_1a0d6643e5e67b658a5127f35227f46f15" kind="variable"><name>A_62</name></member>
    <member refid="class_vessel_1a7fedd79b0c6447ae148ae49aacb699b2" kind="variable"><name>A_64</name></member>
    <member refid="class_vessel_1ae2ec50a6af85100f3cf19226689f476d" kind="variable"><name>B_11</name></member>
    <member refid="class_vessel_1af7149b34ade8ea272284bb8cafbe8d68" kind="variable"><name>B_22</name></member>
    <member refid="class_vessel_1af20d22f447d6266c39a0e8f26f869b1f" kind="variable"><name>B_33</name></member>
    <member refid="class_vessel_1a9d2897df45d066bc660dc855808e3d19" kind="variable"><name>B_55</name></member>
    <member refid="class_vessel_1af22943b324e641aeb4996d5567195df8" kind="variable"><name>B_66</name></member>
    <member refid="class_vessel_1a5aab821dc20411a9068ae7dfeb94b8f2" kind="variable"><name>B_53</name></member>
    <member refid="class_vessel_1a4f8d57868f84f743b857a3862416557b" kind="variable"><name>B_35</name></member>
    <member refid="class_vessel_1a4d01009d26b0d8441cd8748ee5980930" kind="variable"><name>B_44</name></member>
    <member refid="class_vessel_1ab3a1493fbb33fb71eed494fb9ab87363" kind="variable"><name>B_24</name></member>
    <member refid="class_vessel_1afe92483007cd226b966821f94ea3e119" kind="variable"><name>B_42</name></member>
    <member refid="class_vessel_1a522fd9e817d8b093e7b746d745b0fe40" kind="variable"><name>B_26</name></member>
    <member refid="class_vessel_1a2a812cb65f0665a03b41259982bb0044" kind="variable"><name>B_46</name></member>
    <member refid="class_vessel_1a2461179e39e9446e3cb9826544d4a33b" kind="variable"><name>B_62</name></member>
    <member refid="class_vessel_1a4ce9dca7f5cbda2ba2f6160e32197202" kind="variable"><name>B_64</name></member>
    <member refid="class_vessel_1a4ddcffc539046340feff1c670a075e14" kind="variable"><name>C_11</name></member>
    <member refid="class_vessel_1a8ed4c29e9e0ddbafc60e787e40126a49" kind="variable"><name>C_22</name></member>
    <member refid="class_vessel_1ac1dceb7b995d34c50425e6aacc8aecaa" kind="variable"><name>C_33</name></member>
    <member refid="class_vessel_1a516f3956b6a3ff8a8ec77abe0a7372c5" kind="variable"><name>C_55</name></member>
    <member refid="class_vessel_1a002e27be56b1e8e39f5babd09df928d1" kind="variable"><name>C_66</name></member>
    <member refid="class_vessel_1ad861d019549438bcb587b887f8054dde" kind="variable"><name>C_53</name></member>
    <member refid="class_vessel_1a5d5d4c5c1c13025f886eca30ede7ed0a" kind="variable"><name>C_35</name></member>
    <member refid="class_vessel_1a81eecb3e666aa70158e345032fa750ac" kind="variable"><name>C_44</name></member>
    <member refid="class_vessel_1aa7e669b2d036cab2015d6dd722e2620d" kind="variable"><name>C_24</name></member>
    <member refid="class_vessel_1a93643afaa9f6d351e2d160382f3c3663" kind="variable"><name>C_42</name></member>
    <member refid="class_vessel_1a6936e521747e5c47d62f90297a0ee111" kind="variable"><name>C_26</name></member>
    <member refid="class_vessel_1a2d6e6f5afc941ecff2b513d78485d2f6" kind="variable"><name>C_46</name></member>
    <member refid="class_vessel_1a3814e66e05a303377e4e769a67492dbd" kind="variable"><name>C_62</name></member>
    <member refid="class_vessel_1a76b6d4a279f375b39fccf6734a68604c" kind="variable"><name>C_64</name></member>
    <member refid="class_vessel_1abef04884e0fec2ae27d2ff711860ca8e" kind="variable"><name>x_11</name></member>
    <member refid="class_vessel_1ae897e2c327bc3c2952f9cdc586254e80" kind="variable"><name>x_22</name></member>
    <member refid="class_vessel_1a42227a58cfa734e099ee65aa87889352" kind="variable"><name>x_33</name></member>
    <member refid="class_vessel_1a520acc194e60fb5bd461edb189fd994d" kind="variable"><name>x_55</name></member>
    <member refid="class_vessel_1a37f231b9243a6066dde6b49612a7a65e" kind="variable"><name>x_66</name></member>
    <member refid="class_vessel_1a2ba3c459142f568f0539e9c690714935" kind="variable"><name>x_53</name></member>
    <member refid="class_vessel_1a73c180ab77bbcdc1cf5583012e41d3ac" kind="variable"><name>x_35</name></member>
    <member refid="class_vessel_1a70945a8a208908b93b85816718bc0b11" kind="variable"><name>x_44</name></member>
    <member refid="class_vessel_1a6269a64582341f21bfb6e393f70b19c7" kind="variable"><name>x_24</name></member>
    <member refid="class_vessel_1a409df2937d92b53fca983baba1cd4369" kind="variable"><name>x_42</name></member>
    <member refid="class_vessel_1af8d83d1dd1b1b4b5aa210a48c2d54717" kind="variable"><name>x_26</name></member>
    <member refid="class_vessel_1a0dc2d055f02983d5d34db9850338dcc2" kind="variable"><name>x_46</name></member>
    <member refid="class_vessel_1a184d16d8d690d03cd77c65547d399552" kind="variable"><name>x_62</name></member>
    <member refid="class_vessel_1a774cd4dfa413ee9bc4f854e3c1b740ab" kind="variable"><name>x_64</name></member>
    <member refid="class_vessel_1ae0f2eb6d7325d4ab05f8e4f4523ddb65" kind="variable"><name>dt</name></member>
    <member refid="class_vessel_1a8f4df482fa5fe40c058cd2c141de7c5e" kind="variable"><name>m_11</name></member>
    <member refid="class_vessel_1ad95e16c507c21832d4c8928c9aa07660" kind="variable"><name>m_12</name></member>
    <member refid="class_vessel_1ab556213347dd37c45bd8f6e8b6ad6983" kind="variable"><name>m_13</name></member>
    <member refid="class_vessel_1a5f0db64af830431a0c4abe0022c308f4" kind="variable"><name>m_14</name></member>
    <member refid="class_vessel_1a18f09ff3679ddc818a4313525fad15cf" kind="variable"><name>m_15</name></member>
    <member refid="class_vessel_1a94c2a21992c509a36eeabce87fc3b171" kind="variable"><name>m_16</name></member>
    <member refid="class_vessel_1a045afcc84b8e7e816ed1123007785af5" kind="variable"><name>m_21</name></member>
    <member refid="class_vessel_1ab83d1d78c74886b057996daaa952377e" kind="variable"><name>m_22</name></member>
    <member refid="class_vessel_1a9ede948f32bc960eaa811568efca6445" kind="variable"><name>m_23</name></member>
    <member refid="class_vessel_1acf7275b5ce113538afc0cba666d5d711" kind="variable"><name>m_24</name></member>
    <member refid="class_vessel_1a0b28714ebb79a7006199c99dca6f65a6" kind="variable"><name>m_25</name></member>
    <member refid="class_vessel_1ad7e6f75ce4f4b08eeb71234cf1896b18" kind="variable"><name>m_26</name></member>
    <member refid="class_vessel_1a6d6bab1f5e9f8b1237a8378b67ac30f4" kind="variable"><name>m_31</name></member>
    <member refid="class_vessel_1a2114aae7840a443d1d1fddb84ee34a65" kind="variable"><name>m_32</name></member>
    <member refid="class_vessel_1abaeb3e5cd2e3af295a2e76599ab2a6ca" kind="variable"><name>m_33</name></member>
    <member refid="class_vessel_1af67e7627ac5768753ca0cdc6768360d0" kind="variable"><name>m_34</name></member>
    <member refid="class_vessel_1aa8e3c45e2816a31b516b5c7c485f9756" kind="variable"><name>m_35</name></member>
    <member refid="class_vessel_1a2237c50bd5298ea94eca84bce09dce07" kind="variable"><name>m_36</name></member>
    <member refid="class_vessel_1a408e5cb02c2c22dc5383ee69058be89b" kind="variable"><name>m_41</name></member>
    <member refid="class_vessel_1a5df7274383abb6e233cf60042ab11e33" kind="variable"><name>m_42</name></member>
    <member refid="class_vessel_1a8f2f7f7f172e4078def97820e2b6b019" kind="variable"><name>m_43</name></member>
    <member refid="class_vessel_1a6ae2fd661eb337adcc63de23ad744a6f" kind="variable"><name>m_44</name></member>
    <member refid="class_vessel_1a44b7671e4a73f4d17ff26a8279b47c5b" kind="variable"><name>m_45</name></member>
    <member refid="class_vessel_1adc76a4a4b64db23470d94fd01e4eb6b7" kind="variable"><name>m_46</name></member>
    <member refid="class_vessel_1a77e3bee76824ae2113e75ccd916a1ff0" kind="variable"><name>m_51</name></member>
    <member refid="class_vessel_1ac28daaeec23c52d5468b09846559dbff" kind="variable"><name>m_52</name></member>
    <member refid="class_vessel_1a50345a4cfe0d3599cf27a7d93f38a37b" kind="variable"><name>m_53</name></member>
    <member refid="class_vessel_1a17d4ca4c6b5a68c6cf8a28d906236d4f" kind="variable"><name>m_54</name></member>
    <member refid="class_vessel_1a24c2cf8fd4bff9d6fac9c4707f007396" kind="variable"><name>m_55</name></member>
    <member refid="class_vessel_1a538e79014b4741cafb70e942c80c3bf4" kind="variable"><name>m_56</name></member>
    <member refid="class_vessel_1a7d8da2e1568dda96e80a75bc9a24a933" kind="variable"><name>m_61</name></member>
    <member refid="class_vessel_1aa49312c58fc7baeb7818a0a9bbe041f9" kind="variable"><name>m_62</name></member>
    <member refid="class_vessel_1aac21767008ac3a3588afb3112c34cd1c" kind="variable"><name>m_63</name></member>
    <member refid="class_vessel_1a3b43d77ab9d6bba05ad406a8fc9dc0e1" kind="variable"><name>m_64</name></member>
    <member refid="class_vessel_1a886821b55822edfbe8e81ac85f37bda9" kind="variable"><name>m_65</name></member>
    <member refid="class_vessel_1af997b2350f538677d27a3388300df77b" kind="variable"><name>m_66</name></member>
    <member refid="class_vessel_1a66cab5fdb292fa6039d582363a84711a" kind="variable"><name>X_u_dot</name></member>
    <member refid="class_vessel_1a72cfdd058fc6c67e19feae232127c78f" kind="variable"><name>X_v_dot</name></member>
    <member refid="class_vessel_1a00bf63fc629be9a1551bc6c68bbda58d" kind="variable"><name>X_w_dot</name></member>
    <member refid="class_vessel_1ab0c360582615f8d3c7b2c191a5eaf32c" kind="variable"><name>X_p_dot</name></member>
    <member refid="class_vessel_1a1a87b29dd0dbffeab65785ac833f4f2d" kind="variable"><name>X_q_dot</name></member>
    <member refid="class_vessel_1ad4e83389c037cdcbc599834fbc62b541" kind="variable"><name>X_r_dot</name></member>
    <member refid="class_vessel_1a8b4f1dc8bda38ef4f6341a50ebf71b05" kind="variable"><name>Y_u_dot</name></member>
    <member refid="class_vessel_1a6f974c60d487fbda9e64c017a7c4ae75" kind="variable"><name>Y_v_dot</name></member>
    <member refid="class_vessel_1aa1bfe0442e45be6d24d9f1aedc21b017" kind="variable"><name>Y_w_dot</name></member>
    <member refid="class_vessel_1a8fca353601b31a02ddad6b8c90b0b784" kind="variable"><name>Y_p_dot</name></member>
    <member refid="class_vessel_1ad039493a636581b08c9866d563f5d00c" kind="variable"><name>Y_q_dot</name></member>
    <member refid="class_vessel_1a8a62ddad506bec02a4b5e69d7f78a20e" kind="variable"><name>Y_r_dot</name></member>
    <member refid="class_vessel_1a46b377ed987a6a94b35c358855279914" kind="variable"><name>Z_u_dot</name></member>
    <member refid="class_vessel_1af307b9c5eeb280d35234701ab4f77f36" kind="variable"><name>Z_v_dot</name></member>
    <member refid="class_vessel_1a8d2884d93d8c6dacde36bb0f4022e843" kind="variable"><name>Z_w_dot</name></member>
    <member refid="class_vessel_1a6dd3adfc6a8018d83a8e0187bce89ee7" kind="variable"><name>Z_p_dot</name></member>
    <member refid="class_vessel_1a621176d5da8ab457c84261714843f991" kind="variable"><name>Z_q_dot</name></member>
    <member refid="class_vessel_1a16b59cc6031e75427a6425f9c7f72afc" kind="variable"><name>Z_r_dot</name></member>
    <member refid="class_vessel_1a700228ec2ec7948306e5277d3c272179" kind="variable"><name>K_u_dot</name></member>
    <member refid="class_vessel_1a563d966d267175c2e5a3fd74a98af47c" kind="variable"><name>K_v_dot</name></member>
    <member refid="class_vessel_1a26ae49e5be02df90d511d0ab37ec05c1" kind="variable"><name>K_w_dot</name></member>
    <member refid="class_vessel_1a97ef288aecc6d518e4b57d0af927368c" kind="variable"><name>K_p_dot</name></member>
    <member refid="class_vessel_1a8a3460d2586f11a2b5dd340355d02898" kind="variable"><name>K_q_dot</name></member>
    <member refid="class_vessel_1ac1b846b4bcc206d23bae6bbe6d45dd16" kind="variable"><name>K_r_dot</name></member>
    <member refid="class_vessel_1ab20f6d0df2faf2027d7fd90f06afee60" kind="variable"><name>M_u_dot</name></member>
    <member refid="class_vessel_1aff92272cebdee14730cacaa3441e0c4a" kind="variable"><name>M_v_dot</name></member>
    <member refid="class_vessel_1a63cfc60b7ccf00b08544d51f98fa1b3b" kind="variable"><name>M_w_dot</name></member>
    <member refid="class_vessel_1ac64417f54562ea903016ec52324ab7e3" kind="variable"><name>M_p_dot</name></member>
    <member refid="class_vessel_1af58abcb284768a5708fa5594dcaa72b2" kind="variable"><name>M_q_dot</name></member>
    <member refid="class_vessel_1ae820d5ccce66b46381c16988e7904172" kind="variable"><name>M_r_dot</name></member>
    <member refid="class_vessel_1ac745b95218f51557d9714556df1bf856" kind="variable"><name>N_u_dot</name></member>
    <member refid="class_vessel_1a58ccf0c8438de036d65269b6858b9b7f" kind="variable"><name>N_v_dot</name></member>
    <member refid="class_vessel_1ac4f527c134579149b6330db5e0768b73" kind="variable"><name>N_w_dot</name></member>
    <member refid="class_vessel_1a6fd895e0a4297bd628cdefdf85ce6c6d" kind="variable"><name>N_p_dot</name></member>
    <member refid="class_vessel_1a14d39df2119dfd3e9af4887ea68b0222" kind="variable"><name>N_q_dot</name></member>
    <member refid="class_vessel_1a11784d3b289b455ce172286fd85035cb" kind="variable"><name>N_r_dot</name></member>
    <member refid="class_vessel_1a04cfc19771f21cdb22ed8fd2891a3e95" kind="variable"><name>C_rb_26</name></member>
    <member refid="class_vessel_1a6a469109e8859a4507db9e9ea46f7dde" kind="variable"><name>C_rb_35</name></member>
    <member refid="class_vessel_1afc0c1a9c53b3f11d0d39531679241c22" kind="variable"><name>C_rb_46</name></member>
    <member refid="class_vessel_1afb7e4f7d427fcc9ade8ea32de39f405c" kind="variable"><name>C_a_26</name></member>
    <member refid="class_vessel_1ad5251dd024399ab32f42c7d34961a25c" kind="variable"><name>C_a_35</name></member>
    <member refid="class_vessel_1a65a67a2b739e9123660519cf76e38d38" kind="variable"><name>C_a_46</name></member>
    <member refid="class_vessel_1ac13d071e5751afb71b56a3ed893f54d0" kind="variable"><name>C_a_55</name></member>
    <member refid="class_vessel_1a6475a9676f9d31e40381fd9713404327" kind="variable"><name>C_a_66</name></member>
    <member refid="class_vessel_1a42ec4d13c3f3e889b1f6e13c52423b34" kind="variable"><name>x_g</name></member>
    <member refid="class_vessel_1acd975d9c670234c48b53faa4ef01ce0a" kind="variable"><name>y_g</name></member>
    <member refid="class_vessel_1a019c582aa56d690523154571cce9b41f" kind="variable"><name>z_g</name></member>
    <member refid="class_vessel_1a3e2432f0b950406d4e79a8743a49ea01" kind="variable"><name>Z_z</name></member>
    <member refid="class_vessel_1a7976e328c9e30ed225fee4ac1114e55b" kind="variable"><name>Z_theta</name></member>
    <member refid="class_vessel_1a10537434c4a6934f30ba0036859b820b" kind="variable"><name>K_phi</name></member>
    <member refid="class_vessel_1a977870fb779a138962f6203a2236090f" kind="variable"><name>M_z</name></member>
    <member refid="class_vessel_1afb4969cc7af55184c77058d82afa5097" kind="variable"><name>M_theta</name></member>
    <member refid="class_vessel_1af613a1a9f9198b1f53b5d720bd2e112f" kind="variable"><name>X_u</name></member>
    <member refid="class_vessel_1a60e44e767a743b716a0c207010ffdc70" kind="variable"><name>X_v</name></member>
    <member refid="class_vessel_1aee4f6921b761e652e4f628e5510e23d6" kind="variable"><name>Y_v</name></member>
    <member refid="class_vessel_1a67f4c9c045d7c2904bca48c1277f5dc9" kind="variable"><name>Y_r</name></member>
    <member refid="class_vessel_1ab7ef8712587121bb47e25290f7c2bfdb" kind="variable"><name>N_v</name></member>
    <member refid="class_vessel_1a5515237c4833b9522b4b7b2438039643" kind="variable"><name>N_r</name></member>
    <member refid="class_vessel_1af85df9159afb2125c7b848ed6806186e" kind="variable"><name>K_p</name></member>
    <member refid="class_vessel_1a2f6a20c614d75cb427fc028cf1d364a4" kind="variable"><name>Z_w</name></member>
    <member refid="class_vessel_1a50dd1fa9104db34ed42093464f5b0d9c" kind="variable"><name>M_q</name></member>
    <member refid="class_vessel_1a6b3d6ea6685b40c5f627d7c916da24e0" kind="variable"><name>M_r</name></member>
    <member refid="class_vessel_1a3a0fb51403da15f945ac267f7369afff" kind="variable"><name>K_r</name></member>
    <member refid="class_vessel_1ad4ee6a84bdf6669955e882a49da76980" kind="variable"><name>Z_q</name></member>
    <member refid="class_vessel_1aa37fb1e42c32a06c5304cf1ac89c1dae" kind="variable"><name>X_uu</name></member>
    <member refid="class_vessel_1a65040c67e043bf75179b15eb82d4e7ac" kind="variable"><name>X_uuu</name></member>
    <member refid="class_vessel_1ae1a6e1017800a9f043c0cffbda528e15" kind="variable"><name>X_vv</name></member>
    <member refid="class_vessel_1a2cb54672a4e5a0e6db841f316e151c9e" kind="variable"><name>X_vvv</name></member>
    <member refid="class_vessel_1a4e1a4871c75da5dbb01c3b61aa071b7e" kind="variable"><name>Y_vv</name></member>
    <member refid="class_vessel_1a5d82c1c6cd22a9dc210d4ed419f55036" kind="variable"><name>Y_vvv</name></member>
    <member refid="class_vessel_1af29b7b68caee58077ad68ff5431bbf78" kind="variable"><name>Y_rr</name></member>
    <member refid="class_vessel_1af6234e5000139a67db43d51aa297d9b0" kind="variable"><name>Y_rrr</name></member>
    <member refid="class_vessel_1a09ac5bcbe02f6d85f5ba4f5bcc2c3139" kind="variable"><name>Y_rv</name></member>
    <member refid="class_vessel_1acce5934ace7e5df05953ef1ec4428cfe" kind="variable"><name>Y_vr</name></member>
    <member refid="class_vessel_1a5874639c571b8765e11c8fb5c32a5df0" kind="variable"><name>N_rr</name></member>
    <member refid="class_vessel_1a972e47137ef47868bea3a0f1ce2ec456" kind="variable"><name>N_rrr</name></member>
    <member refid="class_vessel_1aca180c4619435d7cd5d663b071e2357d" kind="variable"><name>N_vv</name></member>
    <member refid="class_vessel_1a324122b8da308d923ae47398af6f1c46" kind="variable"><name>N_vvv</name></member>
    <member refid="class_vessel_1a160081f5faf057d9571034851f934a9e" kind="variable"><name>N_rv</name></member>
    <member refid="class_vessel_1a6f6d8f428355afc9a099a9182fb69924" kind="variable"><name>N_vr</name></member>
    <member refid="class_vessel_1a2f3f033d743bfd6cbd98b9ae9d048cef" kind="variable"><name>M_qq</name></member>
    <member refid="class_vessel_1af291a5cb52954ab5a7ca0cb65a9f2e94" kind="variable"><name>K_thruster</name></member>
    <member refid="class_vessel_1a31aef23ffc92a842e9db654d9e4acf0c" kind="variable"><name>L_pp</name></member>
    <member refid="class_vessel_1a4fbe1372915d1a52eb266b76bf28c963" kind="variable"><name>surge_max</name></member>
    <member refid="class_vessel_1a486482bd91d3f5406a39596e713eea4f" kind="variable"><name>gps_frequency</name></member>
    <member refid="class_vessel_1acd988f58be6dd1e45eb37edf20b39ef8" kind="variable"><name>mru_frequency</name></member>
    <member refid="class_vessel_1ac84ef31a5d93c7a02d2ddcceb4088f5a" kind="variable"><name>imu_frequency</name></member>
    <member refid="class_vessel_1af6e1267b3cce498ea028ae3080e10bf2" kind="variable"><name>speed_sensor_frequency</name></member>
    <member refid="class_vessel_1abf10ea8bdbc987d7011d50d427526073" kind="variable"><name>start_latitude</name></member>
    <member refid="class_vessel_1a6544447af5f07f3ab9bc529ad3111f55" kind="variable"><name>start_longitude</name></member>
    <member refid="class_vessel_1a31aa5296ad9d5975a5624f316085d165" kind="function"><name>Vessel</name></member>
    <member refid="class_vessel_1a307b24669d894fc8834ff4166f277cd8" kind="function"><name>~Vessel</name></member>
    <member refid="class_vessel_1a2ce81e44b7ee78b485fca9fc36e66a80" kind="function"><name>getThrust</name></member>
    <member refid="class_vessel_1a5249717b95a643331fede0213ed53d0c" kind="function"><name>setThrust</name></member>
    <member refid="class_vessel_1aad41e1742883df3fa8fb6e2f42e49c8e" kind="function"><name>readParameters</name></member>
    <member refid="class_vessel_1ac9b3616a8650590abc6f73ce24d840ee" kind="function"><name>initializeMatrices</name></member>
    <member refid="class_vessel_1a3cc8cc98ec3d1b3fab2f675047501447" kind="function"><name>initializeStateVectors</name></member>
    <member refid="class_vessel_1ad8b014067732ad92dc9912884afbd0e9" kind="function"><name>initializeSensors</name></member>
    <member refid="class_vessel_1a26bd848c65e8697f89106ead6632f512" kind="function"><name>step</name></member>
    <member refid="class_vessel_1a3f29ece8a16cda2896d7774083ea7f52" kind="function"><name>getDT</name></member>
    <member refid="class_vessel_1ac57b48a077ff7e815b589ab734c10b05" kind="function"><name>setState</name></member>
    <member refid="class_vessel_1a7946e31d788a7d18ca5b398982c2b29e" kind="function"><name>getState</name></member>
    <member refid="class_vessel_1ab8d55ef9eba21b3c3c210f50aa1da1a3" kind="function"><name>publishSensorData</name></member>
    <member refid="class_vessel_1a12ba49e0eeb342911c8772d1000896dc" kind="function"><name>initializeFluidMemoryMatrices</name></member>
    <member refid="class_vessel_1aa61b1c5cbfd652ee45ae12cddce223fe" kind="function"><name>calculateFluidMemoryEffects</name></member>
    <member refid="class_vessel_1aafeb57b042318d14ad768ceebed04d7d" kind="function"><name>updateMatrices</name></member>
    <member refid="class_vessel_1aadcd6d1cc5321a0d417e5747e8528fff" kind="function"><name>etaFunction</name></member>
    <member refid="class_vessel_1a6de85de66d94bd99c8d855d67d122431" kind="function"><name>nuFunction</name></member>
    <member refid="class_vessel_1a46686bf323d7e65cb5305774f7c955f1" kind="function"><name>calculateNextEta</name></member>
    <member refid="class_vessel_1a92aabbafd43ba7a637a3af9b29c47c7c" kind="function"><name>calculateNextNu</name></member>
  </compound>
  <compound refid="class_vessel_node" kind="class"><name>VesselNode</name>
    <member refid="class_vessel_node_1a2096cf24b7129b8011be9e0b101e6e7c" kind="variable"><name>vessel</name></member>
    <member refid="class_vessel_node_1a92111ddfce663792c4a6190c931802cf" kind="variable"><name>eta</name></member>
    <member refid="class_vessel_node_1a08efbf4db2f95d5ee4b2592f1493d9e0" kind="variable"><name>nu</name></member>
    <member refid="class_vessel_node_1a90955f1db835e7bdccb5d43b145a0889" kind="variable"><name>tau_control</name></member>
    <member refid="class_vessel_node_1adad17908634473455d3eae271e408e34" kind="variable"><name>tf</name></member>
    <member refid="class_vessel_node_1a59f3949e4c42bcc8b67ad35468243a9f" kind="variable"><name>tf_name</name></member>
    <member refid="class_vessel_node_1a8348b1fe73db642a55839a07549b3660" kind="variable"><name>log_handle</name></member>
    <member refid="class_vessel_node_1a4155705ab9c2979ae50ac93e7d8558ea" kind="variable"><name>vel_pub</name></member>
    <member refid="class_vessel_node_1a5f2ebf0dbb812691e162f233aa47d1bc" kind="variable"><name>state_pub</name></member>
    <member refid="class_vessel_node_1aec59ad7a41d426bfb1897379a2261954" kind="variable"><name>thrust_pub</name></member>
    <member refid="class_vessel_node_1a8a86a7973aeb9871bfea00c482e7ce07" kind="variable"><name>thrust_handle</name></member>
    <member refid="class_vessel_node_1ab8c1b9f3f6650b894e0768afcaf4f00e" kind="variable"><name>thrust_rec</name></member>
    <member refid="class_vessel_node_1aa9b03e0513b1c1719bf56ec40eb71a0c" kind="function"><name>VesselNode</name></member>
    <member refid="class_vessel_node_1a7bde35952a520702aee8ede27460c041" kind="function"><name>~VesselNode</name></member>
    <member refid="class_vessel_node_1a3441573289fe061665c8d4b32a9445c7" kind="function"><name>step</name></member>
    <member refid="class_vessel_node_1a471b1ea921f3baccc95ffb7a0b7f6db3" kind="function"><name>getDT</name></member>
    <member refid="class_vessel_node_1a6f9de8623bc148a79015ae26c4becab7" kind="function"><name>receiveThrust</name></member>
    <member refid="class_vessel_node_1ada8e9d15224fae7917f091a08837e1c2" kind="function"><name>logInfo</name></member>
    <member refid="class_vessel_node_1a22a53fa32e18257e70d049d26df67d13" kind="function"><name>publishState</name></member>
  </compound>
  <compound refid="class_weather" kind="class"><name>Weather</name>
    <member refid="class_weather_1acc253d38bec71dddfb4ae92af380c6e5" kind="variable"><name>wind_angle</name></member>
    <member refid="class_weather_1ab304533a7f025f1a2f3c112038255110" kind="variable"><name>current_angle</name></member>
    <member refid="class_weather_1a3bf8124bffb9977bb431cca94a9dcc6e" kind="variable"><name>wind_speed</name></member>
    <member refid="class_weather_1a850d28701912b9ab5c38dbe25ceb4374" kind="variable"><name>current_speed</name></member>
    <member refid="class_weather_1a16c656d234ae82390ae3d6b0b2c3d25f" kind="variable"><name>wind_mean_speed</name></member>
    <member refid="class_weather_1a9ba4efa510c11bd8d9ea841a8f59597e" kind="variable"><name>wind_mean_angle</name></member>
    <member refid="class_weather_1ae7433f63d352a8716e954553090b0b03" kind="variable"><name>current_mean_speed</name></member>
    <member refid="class_weather_1a9df9824cd69668a46db8ee9c15e9d843" kind="variable"><name>current_mean_angle</name></member>
    <member refid="class_weather_1a42a7e1a8cd76e584e40b9e8f40ba5fb2" kind="variable"><name>wind_std_dev</name></member>
    <member refid="class_weather_1ad10c40b130367299a700e43c716ba991" kind="variable"><name>current_std_dev</name></member>
    <member refid="class_weather_1a48d1098ede2e0cf3fc61102cb551bc5e" kind="function"><name>SetWindData</name></member>
    <member refid="class_weather_1a4b2bc213fef6bf759426f783a0a91aec" kind="function"><name>SetCurrentData</name></member>
    <member refid="class_weather_1a912a7d668973dc7128d43180b065d31b" kind="function"><name>SetMeanWindSpeedAtHeight</name></member>
    <member refid="class_weather_1af7755fb5a742199286447c0d3af4be72" kind="function"><name>UpdateWindSpeed</name></member>
  </compound>
  <compound refid="namespace_eigen" kind="namespace"><name>Eigen</name>
  </compound>
  <compound refid="gps_8h" kind="file"><name>gps.h</name>
    <member refid="gps_8h_1a827d6fd2b568970038cb4c5628a806c4" kind="typedef"><name>Matrix6d</name></member>
  </compound>
  <compound refid="imu_8h" kind="file"><name>imu.h</name>
  </compound>
  <compound refid="mru_8h" kind="file"><name>mru.h</name>
  </compound>
  <compound refid="sensor_8h" kind="file"><name>sensor.h</name>
    <member refid="sensor_8h_1a98c311f8f84d62784ec0499c9df9816d" kind="typedef"><name>Vector6d</name></member>
  </compound>
  <compound refid="solver_8h" kind="file"><name>solver.h</name>
    <member refid="solver_8h_1a98c311f8f84d62784ec0499c9df9816d" kind="typedef"><name>Vector6d</name></member>
  </compound>
  <compound refid="speedsensor_8h" kind="file"><name>speedsensor.h</name>
  </compound>
  <compound refid="vessel_8h" kind="file"><name>vessel.h</name>
    <member refid="vessel_8h_1a9a7e99a03b37f2c868c52a89e95c38d5" kind="typedef"><name>Vector2dH</name></member>
    <member refid="vessel_8h_1a94adaa5b3e3164d667d2d4fe1d0ef01d" kind="typedef"><name>Vector3dH</name></member>
    <member refid="vessel_8h_1a9ee21cb987db8741adb9efd42a19f6c7" kind="typedef"><name>Vector4d</name></member>
    <member refid="vessel_8h_1a771f932b1342554c5c69e781d628f693" kind="typedef"><name>Vector4dH</name></member>
    <member refid="vessel_8h_1a6bcde6b5bf81466c6d4c08c3368fe3d3" kind="typedef"><name>Vector5d</name></member>
    <member refid="vessel_8h_1a98c311f8f84d62784ec0499c9df9816d" kind="typedef"><name>Vector6d</name></member>
    <member refid="vessel_8h_1a2e6743f6fdf782cad42f9bece98f8031" kind="typedef"><name>Matrix4d</name></member>
    <member refid="vessel_8h_1ae161b6d75e127a4f22c44b5f60dbf259" kind="typedef"><name>Matrix5d</name></member>
    <member refid="vessel_8h_1a827d6fd2b568970038cb4c5628a806c4" kind="typedef"><name>Matrix6d</name></member>
  </compound>
  <compound refid="vesselnode_8h" kind="file"><name>vesselnode.h</name>
  </compound>
  <compound refid="weather_8h" kind="file"><name>weather.h</name>
    <member refid="weather_8h_1a98c311f8f84d62784ec0499c9df9816d" kind="typedef"><name>Vector6d</name></member>
  </compound>
  <compound refid="gps_8cpp" kind="file"><name>gps.cpp</name>
  </compound>
  <compound refid="hil__simulator_8cpp" kind="file"><name>hil_simulator.cpp</name>
    <member refid="hil__simulator_8cpp_1a0ddf1224851353fc92bfbff6f499fa97" kind="function"><name>main</name></member>
  </compound>
  <compound refid="imu_8cpp" kind="file"><name>imu.cpp</name>
  </compound>
  <compound refid="mru_8cpp" kind="file"><name>mru.cpp</name>
  </compound>
  <compound refid="sensor_8cpp" kind="file"><name>sensor.cpp</name>
  </compound>
  <compound refid="solver_8cpp" kind="file"><name>solver.cpp</name>
  </compound>
  <compound refid="speedsensor_8cpp" kind="file"><name>speedsensor.cpp</name>
  </compound>
  <compound refid="unittest_8cpp" kind="file"><name>unittest.cpp</name>
    <member refid="unittest_8cpp_1a34681309f7d5fffe3428318a7609a7b2" kind="function"><name>TEST</name></member>
    <member refid="unittest_8cpp_1afef951db9c969901ec825b0f1fe215c2" kind="function"><name>TEST</name></member>
    <member refid="unittest_8cpp_1a644f1b279d1adce4fe706750f9d43ba0" kind="function"><name>TEST</name></member>
    <member refid="unittest_8cpp_1a84ce98b8802b3e4c0aafa310ae5c9b15" kind="function"><name>TEST</name></member>
    <member refid="unittest_8cpp_1a821e915cd03d4c610b5d4bfe56886a78" kind="function"><name>TEST</name></member>
    <member refid="unittest_8cpp_1a88bcd9650a3ff6cd6f094a1d3ad0c0a7" kind="function"><name>TEST</name></member>
    <member refid="unittest_8cpp_1a3c04138a5bfe5d72780bb7e82a18e627" kind="function"><name>main</name></member>
  </compound>
  <compound refid="vessel_8cpp" kind="file"><name>vessel.cpp</name>
  </compound>
  <compound refid="vesselnode_8cpp" kind="file"><name>vesselnode.cpp</name>
  </compound>
  <compound refid="weather_8cpp" kind="file"><name>weather.cpp</name>
  </compound>
  <compound refid="dir_d44c64559bbebec7f509842c48db8b23" kind="dir"><name>include</name>
  </compound>
  <compound refid="dir_68267d1309a1af8e8297ef4c3efbcdba" kind="dir"><name>src</name>
  </compound>
</doxygenindex>
