<?xml version='1.0' encoding='UTF-8' standalone='no'?>
<doxygen xmlns:xsi="http://www.w3.org/2001/XMLSchema-instance" xsi:noNamespaceSchemaLocation="compound.xsd" version="1.8.11">
  <compounddef id="mru_8cpp" kind="file" language="C++">
    <compoundname>mru.cpp</compoundname>
    <includes refid="mru_8h" local="yes">mru.h</includes>
    <incdepgraph>
      <node id="140">
        <label>cmath</label>
      </node>
      <node id="141">
        <label>Eigen/Dense</label>
      </node>
      <node id="143">
        <label>geometry_msgs/Twist.h</label>
      </node>
      <node id="142">
        <label>ros/ros.h</label>
      </node>
      <node id="144">
        <label>simulator_prototype/Gps.h</label>
      </node>
      <node id="138">
        <label>mru.h</label>
        <link refid="mru_8h_source"/>
        <childnode refid="139" relation="include">
        </childnode>
      </node>
      <node id="137">
        <label>src/mru.cpp</label>
        <link refid="mru.cpp"/>
        <childnode refid="138" relation="include">
        </childnode>
      </node>
      <node id="139">
        <label>sensor.h</label>
        <link refid="sensor_8h_source"/>
        <childnode refid="140" relation="include">
        </childnode>
        <childnode refid="141" relation="include">
        </childnode>
        <childnode refid="142" relation="include">
        </childnode>
        <childnode refid="143" relation="include">
        </childnode>
        <childnode refid="144" relation="include">
        </childnode>
      </node>
    </incdepgraph>
    <briefdescription>
    </briefdescription>
    <detaileddescription>
    </detaileddescription>
    <programlisting>
<codeline lineno="1"><highlight class="preprocessor">#include<sp/>&quot;mru.h&quot;</highlight><highlight class="normal"></highlight></codeline>
<codeline lineno="2"><highlight class="normal"></highlight></codeline>
<codeline lineno="3"><highlight class="normal">MRU::MRU()<sp/>{}</highlight></codeline>
<codeline lineno="4"><highlight class="normal">MRU::~MRU()<sp/>{}</highlight></codeline>
<codeline lineno="5"><highlight class="normal"></highlight></codeline>
<codeline lineno="6"><highlight class="normal"></highlight><highlight class="keywordtype">void</highlight><highlight class="normal"><sp/>MRU::publishMruData(Vector6d<sp/>nu,<sp/>Vector6d<sp/>eta)<sp/>{</highlight></codeline>
<codeline lineno="7"><highlight class="normal"><sp/><sp/>publishData(nu,<sp/>eta);</highlight></codeline>
<codeline lineno="8"><highlight class="normal">}</highlight></codeline>
    </programlisting>
    <location file="src/mru.cpp"/>
  </compounddef>
</doxygen>
