<?xml version='1.0' encoding='UTF-8' standalone='no'?>
<doxygen xmlns:xsi="http://www.w3.org/2001/XMLSchema-instance" xsi:noNamespaceSchemaLocation="compound.xsd" version="1.8.11">
  <compounddef id="mru_8h" kind="file" language="C++">
    <compoundname>mru.h</compoundname>
    <includes refid="sensor_8h" local="yes">sensor.h</includes>
    <includedby refid="vessel_8h" local="yes">include/vessel.h</includedby>
    <includedby refid="mru_8cpp" local="yes">src/mru.cpp</includedby>
    <incdepgraph>
      <node id="23">
        <label>cmath</label>
      </node>
      <node id="24">
        <label>Eigen/Dense</label>
      </node>
      <node id="26">
        <label>geometry_msgs/Twist.h</label>
      </node>
      <node id="25">
        <label>ros/ros.h</label>
      </node>
      <node id="27">
        <label>simulator_prototype/Gps.h</label>
      </node>
      <node id="21">
        <label>include/mru.h</label>
        <link refid="mru.h"/>
        <childnode refid="22" relation="include">
        </childnode>
      </node>
      <node id="22">
        <label>sensor.h</label>
        <link refid="sensor_8h_source"/>
        <childnode refid="23" relation="include">
        </childnode>
        <childnode refid="24" relation="include">
        </childnode>
        <childnode refid="25" relation="include">
        </childnode>
        <childnode refid="26" relation="include">
        </childnode>
        <childnode refid="27" relation="include">
        </childnode>
      </node>
    </incdepgraph>
    <invincdepgraph>
      <node id="30">
        <label>include/vesselnode.h</label>
        <link refid="vesselnode_8h_source"/>
      </node>
      <node id="28">
        <label>include/mru.h</label>
        <link refid="mru.h"/>
        <childnode refid="29" relation="include">
        </childnode>
      </node>
      <node id="29">
        <label>include/vessel.h</label>
        <link refid="vessel_8h_source"/>
        <childnode refid="30" relation="include">
        </childnode>
      </node>
    </invincdepgraph>
    <innerclass refid="class_m_r_u" prot="public">MRU</innerclass>
    <briefdescription>
    </briefdescription>
    <detaileddescription>
    </detaileddescription>
    <programlisting>
<codeline lineno="1"><highlight class="preprocessor">#ifndef<sp/>MRU_H</highlight><highlight class="normal"></highlight></codeline>
<codeline lineno="2"><highlight class="normal"></highlight><highlight class="preprocessor">#define<sp/>MRU_H</highlight><highlight class="normal"></highlight></codeline>
<codeline lineno="3"><highlight class="normal"></highlight></codeline>
<codeline lineno="4"><highlight class="normal"></highlight><highlight class="preprocessor">#include<sp/>&quot;sensor.h&quot;</highlight><highlight class="normal"></highlight></codeline>
<codeline lineno="5"><highlight class="normal"></highlight></codeline>
<codeline lineno="6" refid="class_m_r_u" refkind="compound"><highlight class="normal"></highlight><highlight class="keyword">class<sp/></highlight><highlight class="normal"><ref refid="class_m_r_u" kindref="compound">MRU</ref><sp/>:<sp/></highlight><highlight class="keyword">public</highlight><highlight class="normal"><sp/><ref refid="class_sensor" kindref="compound">Sensor</ref><sp/>{</highlight></codeline>
<codeline lineno="7"><highlight class="normal"></highlight></codeline>
<codeline lineno="8"><highlight class="normal"></highlight><highlight class="keyword">public</highlight><highlight class="normal">:</highlight></codeline>
<codeline lineno="9"><highlight class="normal"><sp/><sp/><ref refid="class_m_r_u" kindref="compound">MRU</ref>();</highlight></codeline>
<codeline lineno="10"><highlight class="normal"><sp/><sp/>~<ref refid="class_m_r_u" kindref="compound">MRU</ref>();</highlight></codeline>
<codeline lineno="11"><highlight class="normal"></highlight></codeline>
<codeline lineno="12"><highlight class="normal"><sp/><sp/></highlight><highlight class="comment">//<sp/>Publishes<sp/>the<sp/>IMU-data<sp/>to<sp/>a<sp/>sensor-topic</highlight><highlight class="normal"></highlight></codeline>
<codeline lineno="13"><highlight class="normal"><sp/><sp/></highlight><highlight class="keywordtype">void</highlight><highlight class="normal"><sp/>publishMruData(Vector6d<sp/>nu,<sp/>Vector6d<sp/>eta);</highlight></codeline>
<codeline lineno="14"><highlight class="normal"></highlight></codeline>
<codeline lineno="15"><highlight class="normal"></highlight><highlight class="keyword">private</highlight><highlight class="normal">:</highlight></codeline>
<codeline lineno="16"><highlight class="normal"><sp/><sp/><sp/><sp/></highlight></codeline>
<codeline lineno="17"><highlight class="normal">};</highlight></codeline>
<codeline lineno="18"><highlight class="normal"></highlight></codeline>
<codeline lineno="19"><highlight class="normal"></highlight><highlight class="preprocessor">#endif</highlight></codeline>
    </programlisting>
    <location file="include/mru.h"/>
  </compounddef>
</doxygen>
