<?xml version='1.0' encoding='UTF-8' standalone='no'?>
<doxygen xmlns:xsi="http://www.w3.org/2001/XMLSchema-instance" xsi:noNamespaceSchemaLocation="compound.xsd" version="1.8.11">
  <compounddef id="solver_8cpp" kind="file" language="C++">
    <compoundname>solver.cpp</compoundname>
    <includes refid="solver_8h" local="yes">solver.h</includes>
    <incdepgraph>
      <node id="155">
        <label>solver.h</label>
        <link refid="solver_8h_source"/>
        <childnode refid="156" relation="include">
        </childnode>
      </node>
      <node id="154">
        <label>src/solver.cpp</label>
        <link refid="solver.cpp"/>
        <childnode refid="155" relation="include">
        </childnode>
      </node>
      <node id="156">
        <label>Eigen/Dense</label>
      </node>
    </incdepgraph>
    <briefdescription>
    </briefdescription>
    <detaileddescription>
    </detaileddescription>
    <programlisting>
<codeline lineno="1"><highlight class="preprocessor">#include<sp/>&quot;solver.h&quot;</highlight><highlight class="normal"></highlight></codeline>
<codeline lineno="2"><highlight class="normal"></highlight></codeline>
<codeline lineno="3"><highlight class="normal">NumericalSolver::NumericalSolver(){}</highlight></codeline>
<codeline lineno="4"><highlight class="normal">NumericalSolver::~NumericalSolver(){}</highlight></codeline>
<codeline lineno="5"><highlight class="normal"></highlight></codeline>
<codeline lineno="6"><highlight class="normal"></highlight><highlight class="keywordtype">void</highlight><highlight class="normal"><sp/>NumericalSolver::initializeSolver(</highlight><highlight class="keywordtype">double</highlight><highlight class="normal"><sp/>dt){</highlight></codeline>
<codeline lineno="7"><highlight class="normal"><sp/><sp/>t<sp/>=<sp/>0L;</highlight></codeline>
<codeline lineno="8"><highlight class="normal"><sp/><sp/>h<sp/>=<sp/>dt;</highlight></codeline>
<codeline lineno="9"><highlight class="normal"><sp/><sp/>a21<sp/>=<sp/>1.0L<sp/>/<sp/>5L;</highlight></codeline>
<codeline lineno="10"><highlight class="normal"><sp/><sp/>a31<sp/>=<sp/>3.0L<sp/>/<sp/>40;</highlight></codeline>
<codeline lineno="11"><highlight class="normal"><sp/><sp/>a32<sp/>=<sp/>9.0L<sp/>/<sp/>40;</highlight></codeline>
<codeline lineno="12"><highlight class="normal"><sp/><sp/>a41<sp/>=<sp/>44.0L<sp/>/<sp/>45;</highlight></codeline>
<codeline lineno="13"><highlight class="normal"><sp/><sp/>a42<sp/>=<sp/>-56.0L<sp/>/<sp/>15;</highlight></codeline>
<codeline lineno="14"><highlight class="normal"><sp/><sp/>a43<sp/>=<sp/>32.0L<sp/>/<sp/>9;</highlight></codeline>
<codeline lineno="15"><highlight class="normal"><sp/><sp/>a51<sp/>=<sp/>19372.0L<sp/>/<sp/>6561;</highlight></codeline>
<codeline lineno="16"><highlight class="normal"><sp/><sp/>a52<sp/>=<sp/>-25360.0L<sp/>/<sp/>2187;</highlight></codeline>
<codeline lineno="17"><highlight class="normal"><sp/><sp/>a53<sp/>=<sp/>64448.0L<sp/>/<sp/>6561;</highlight></codeline>
<codeline lineno="18"><highlight class="normal"><sp/><sp/>a54<sp/>=<sp/>-212.0L<sp/>/<sp/>729;</highlight></codeline>
<codeline lineno="19"><highlight class="normal"><sp/><sp/>a61<sp/>=<sp/>9017.0L<sp/>/<sp/>3168;</highlight></codeline>
<codeline lineno="20"><highlight class="normal"><sp/><sp/>a62<sp/>=<sp/>-355.0L<sp/>/<sp/>33;</highlight></codeline>
<codeline lineno="21"><highlight class="normal"><sp/><sp/>a63<sp/>=<sp/>46732.0L<sp/>/<sp/>5247;</highlight></codeline>
<codeline lineno="22"><highlight class="normal"><sp/><sp/>a64<sp/>=<sp/>49.0L<sp/>/<sp/>176;</highlight></codeline>
<codeline lineno="23"><highlight class="normal"><sp/><sp/>a65<sp/>=<sp/>-5103.0L<sp/>/<sp/>18656;</highlight></codeline>
<codeline lineno="24"><highlight class="normal"><sp/><sp/>a71<sp/>=<sp/>35.0L<sp/>/<sp/>384;</highlight></codeline>
<codeline lineno="25"><highlight class="normal"><sp/><sp/>a72<sp/>=<sp/>0;</highlight></codeline>
<codeline lineno="26"><highlight class="normal"><sp/><sp/>a73<sp/>=<sp/>500.0L<sp/>/<sp/>1113;</highlight></codeline>
<codeline lineno="27"><highlight class="normal"><sp/><sp/>a74<sp/>=<sp/>125.0L<sp/>/<sp/>192;</highlight></codeline>
<codeline lineno="28"><highlight class="normal"><sp/><sp/>a75<sp/>=<sp/>-2187.0L<sp/>/<sp/>6784;</highlight></codeline>
<codeline lineno="29"><highlight class="normal"><sp/><sp/>a76<sp/>=<sp/>11.0L<sp/>/<sp/>84;</highlight></codeline>
<codeline lineno="30"><highlight class="normal"><sp/><sp/>c2<sp/>=<sp/>1.0L<sp/>/<sp/>5;</highlight></codeline>
<codeline lineno="31"><highlight class="normal"><sp/><sp/>c3<sp/>=<sp/>3.0L<sp/>/<sp/>10;</highlight></codeline>
<codeline lineno="32"><highlight class="normal"><sp/><sp/>c4<sp/>=<sp/>4.0L<sp/>/<sp/>5;</highlight></codeline>
<codeline lineno="33"><highlight class="normal"><sp/><sp/>c5<sp/>=<sp/>8.0L<sp/>/<sp/>9;</highlight></codeline>
<codeline lineno="34"><highlight class="normal"><sp/><sp/>c6<sp/>=<sp/>1.0L;</highlight></codeline>
<codeline lineno="35"><highlight class="normal"><sp/><sp/>c7<sp/>=<sp/>1.0L;</highlight></codeline>
<codeline lineno="36"><highlight class="normal"><sp/><sp/>b11<sp/>=<sp/>35.0L<sp/>/<sp/>384;</highlight></codeline>
<codeline lineno="37"><highlight class="normal"><sp/><sp/>b12<sp/>=<sp/>0.0L;</highlight></codeline>
<codeline lineno="38"><highlight class="normal"><sp/><sp/>b13<sp/>=<sp/>500.0L<sp/>/<sp/>1113;</highlight></codeline>
<codeline lineno="39"><highlight class="normal"><sp/><sp/>b14<sp/>=<sp/>125.0L<sp/>/<sp/>192;</highlight></codeline>
<codeline lineno="40"><highlight class="normal"><sp/><sp/>b15<sp/>=<sp/>-2187.0L<sp/>/<sp/>6784;</highlight></codeline>
<codeline lineno="41"><highlight class="normal"><sp/><sp/>b16<sp/>=<sp/>11.0L<sp/>/<sp/>84;</highlight></codeline>
<codeline lineno="42"><highlight class="normal"><sp/><sp/>b17<sp/>=<sp/>0.0L;</highlight></codeline>
<codeline lineno="43"><highlight class="normal"><sp/><sp/>b21<sp/>=<sp/>5179.0L<sp/>/<sp/>57600;</highlight></codeline>
<codeline lineno="44"><highlight class="normal"><sp/><sp/>b22<sp/>=<sp/>0.0L;</highlight></codeline>
<codeline lineno="45"><highlight class="normal"><sp/><sp/>b23<sp/>=<sp/>7571.0L<sp/>/<sp/>16695;</highlight></codeline>
<codeline lineno="46"><highlight class="normal"><sp/><sp/>b24<sp/>=<sp/>393.0L<sp/>/<sp/>640;</highlight></codeline>
<codeline lineno="47"><highlight class="normal"><sp/><sp/>b25<sp/>=<sp/>-92097.0L<sp/>/<sp/>339200;</highlight></codeline>
<codeline lineno="48"><highlight class="normal"><sp/><sp/>b26<sp/>=<sp/>187.0L<sp/>/<sp/>2100;</highlight></codeline>
<codeline lineno="49"><highlight class="normal"><sp/><sp/>b27<sp/>=<sp/>1.0L<sp/>/<sp/>40;</highlight></codeline>
<codeline lineno="50"><highlight class="normal">}</highlight></codeline>
    </programlisting>
    <location file="src/solver.cpp"/>
  </compounddef>
</doxygen>
