<?xml version='1.0' encoding='UTF-8' standalone='no'?>
<doxygen xmlns:xsi="http://www.w3.org/2001/XMLSchema-instance" xsi:noNamespaceSchemaLocation="compound.xsd" version="1.8.11">
  <compounddef id="speedsensor_8h" kind="file" language="C++">
    <compoundname>speedsensor.h</compoundname>
    <includes refid="sensor_8h" local="yes">sensor.h</includes>
    <includes local="yes">ros/ros.h</includes>
    <includedby refid="vessel_8h" local="yes">include/vessel.h</includedby>
    <includedby refid="speedsensor_8cpp" local="yes">src/speedsensor.cpp</includedby>
    <incdepgraph>
      <node id="52">
        <label>cmath</label>
      </node>
      <node id="53">
        <label>Eigen/Dense</label>
      </node>
      <node id="55">
        <label>geometry_msgs/Twist.h</label>
      </node>
      <node id="54">
        <label>ros/ros.h</label>
      </node>
      <node id="56">
        <label>simulator_prototype/Gps.h</label>
      </node>
      <node id="50">
        <label>include/speedsensor.h</label>
        <link refid="speedsensor.h"/>
        <childnode refid="51" relation="include">
        </childnode>
        <childnode refid="54" relation="include">
        </childnode>
      </node>
      <node id="51">
        <label>sensor.h</label>
        <link refid="sensor_8h_source"/>
        <childnode refid="52" relation="include">
        </childnode>
        <childnode refid="53" relation="include">
        </childnode>
        <childnode refid="54" relation="include">
        </childnode>
        <childnode refid="55" relation="include">
        </childnode>
        <childnode refid="56" relation="include">
        </childnode>
      </node>
    </incdepgraph>
    <invincdepgraph>
      <node id="59">
        <label>include/vesselnode.h</label>
        <link refid="vesselnode_8h_source"/>
      </node>
      <node id="58">
        <label>include/vessel.h</label>
        <link refid="vessel_8h_source"/>
        <childnode refid="59" relation="include">
        </childnode>
      </node>
      <node id="57">
        <label>include/speedsensor.h</label>
        <link refid="speedsensor.h"/>
        <childnode refid="58" relation="include">
        </childnode>
      </node>
    </invincdepgraph>
    <innerclass refid="class_speed_sensor" prot="public">SpeedSensor</innerclass>
    <briefdescription>
    </briefdescription>
    <detaileddescription>
    </detaileddescription>
    <programlisting>
<codeline lineno="1"><highlight class="preprocessor">#ifndef<sp/>SPEED_H</highlight><highlight class="normal"></highlight></codeline>
<codeline lineno="2"><highlight class="normal"></highlight><highlight class="preprocessor">#define<sp/>SPEED_H</highlight><highlight class="normal"></highlight></codeline>
<codeline lineno="3"><highlight class="normal"></highlight></codeline>
<codeline lineno="4"><highlight class="normal"></highlight><highlight class="preprocessor">#include<sp/>&quot;sensor.h&quot;</highlight><highlight class="normal"></highlight></codeline>
<codeline lineno="5"><highlight class="normal"></highlight><highlight class="preprocessor">#include<sp/>&quot;ros/ros.h&quot;</highlight><highlight class="normal"></highlight></codeline>
<codeline lineno="6"><highlight class="normal"></highlight></codeline>
<codeline lineno="7" refid="class_speed_sensor" refkind="compound"><highlight class="normal"></highlight><highlight class="keyword">class<sp/></highlight><highlight class="normal"><ref refid="class_speed_sensor" kindref="compound">SpeedSensor</ref>:<sp/></highlight><highlight class="keyword">public</highlight><highlight class="normal"><sp/><ref refid="class_sensor" kindref="compound">Sensor</ref>{</highlight></codeline>
<codeline lineno="8"><highlight class="normal"><sp/><sp/><sp/><sp/></highlight><highlight class="keyword">public</highlight><highlight class="normal">:</highlight></codeline>
<codeline lineno="9"><highlight class="normal"><sp/><sp/><sp/><sp/><sp/><sp/><sp/><sp/><ref refid="class_speed_sensor" kindref="compound">SpeedSensor</ref>();</highlight></codeline>
<codeline lineno="10"><highlight class="normal"><sp/><sp/><sp/><sp/><sp/><sp/><sp/><sp/>~<ref refid="class_speed_sensor" kindref="compound">SpeedSensor</ref>();</highlight></codeline>
<codeline lineno="11"><highlight class="normal"><sp/><sp/><sp/><sp/><sp/><sp/><sp/><sp/></highlight><highlight class="keywordtype">void</highlight><highlight class="normal"><sp/>publishSpeedSensorData(</highlight><highlight class="keywordtype">double</highlight><highlight class="normal"><sp/>u,<sp/></highlight><highlight class="keywordtype">double</highlight><highlight class="normal"><sp/>v);</highlight></codeline>
<codeline lineno="12"><highlight class="normal"><sp/><sp/><sp/><sp/></highlight><highlight class="keyword">private</highlight><highlight class="normal">:</highlight></codeline>
<codeline lineno="13"><highlight class="normal">};</highlight></codeline>
<codeline lineno="14"><highlight class="normal"></highlight></codeline>
<codeline lineno="15"><highlight class="normal"></highlight><highlight class="preprocessor">#endif</highlight></codeline>
    </programlisting>
    <location file="include/speedsensor.h"/>
  </compounddef>
</doxygen>
