<?xml version='1.0' encoding='UTF-8' standalone='no'?>
<doxygen xmlns:xsi="http://www.w3.org/2001/XMLSchema-instance" xsi:noNamespaceSchemaLocation="compound.xsd" version="1.8.11">
  <compounddef id="speedsensor_8cpp" kind="file" language="C++">
    <compoundname>speedsensor.cpp</compoundname>
    <includes refid="speedsensor_8h" local="yes">speedsensor.h</includes>
    <incdepgraph>
      <node id="161">
        <label>cmath</label>
      </node>
      <node id="158">
        <label>src/speedsensor.cpp</label>
        <link refid="speedsensor.cpp"/>
        <childnode refid="159" relation="include">
        </childnode>
      </node>
      <node id="162">
        <label>Eigen/Dense</label>
      </node>
      <node id="164">
        <label>geometry_msgs/Twist.h</label>
      </node>
      <node id="163">
        <label>ros/ros.h</label>
      </node>
      <node id="165">
        <label>simulator_prototype/Gps.h</label>
      </node>
      <node id="159">
        <label>speedsensor.h</label>
        <link refid="speedsensor_8h_source"/>
        <childnode refid="160" relation="include">
        </childnode>
        <childnode refid="163" relation="include">
        </childnode>
      </node>
      <node id="160">
        <label>sensor.h</label>
        <link refid="sensor_8h_source"/>
        <childnode refid="161" relation="include">
        </childnode>
        <childnode refid="162" relation="include">
        </childnode>
        <childnode refid="163" relation="include">
        </childnode>
        <childnode refid="164" relation="include">
        </childnode>
        <childnode refid="165" relation="include">
        </childnode>
      </node>
    </incdepgraph>
    <briefdescription>
    </briefdescription>
    <detaileddescription>
    </detaileddescription>
    <programlisting>
<codeline lineno="1"><highlight class="preprocessor">#include<sp/>&quot;speedsensor.h&quot;</highlight><highlight class="normal"></highlight></codeline>
<codeline lineno="2"><highlight class="normal"></highlight></codeline>
<codeline lineno="3"><highlight class="normal">SpeedSensor::SpeedSensor(){}</highlight></codeline>
<codeline lineno="4"><highlight class="normal"></highlight></codeline>
<codeline lineno="5"><highlight class="normal">SpeedSensor::~SpeedSensor(){}</highlight></codeline>
<codeline lineno="6"><highlight class="normal"></highlight></codeline>
<codeline lineno="7"><highlight class="normal"></highlight><highlight class="keywordtype">void</highlight><highlight class="normal"><sp/>SpeedSensor::publishSpeedSensorData(</highlight><highlight class="keywordtype">double</highlight><highlight class="normal"><sp/>u,<sp/></highlight><highlight class="keywordtype">double</highlight><highlight class="normal"><sp/>v){</highlight></codeline>
<codeline lineno="8"><highlight class="normal"><sp/><sp/><sp/><sp/>publishData(u,<sp/>v);</highlight></codeline>
<codeline lineno="9"><highlight class="normal">}</highlight></codeline>
    </programlisting>
    <location file="src/speedsensor.cpp"/>
  </compounddef>
</doxygen>
