<?xml version='1.0' encoding='UTF-8' standalone='no'?>
<doxygen xmlns:xsi="http://www.w3.org/2001/XMLSchema-instance" xsi:noNamespaceSchemaLocation="compound.xsd" version="1.8.11">
  <compounddef id="vessel_8h" kind="file" language="C++">
    <compoundname>vessel.h</compoundname>
    <includes local="yes">ros/ros.h</includes>
    <includes local="no">Eigen/Dense</includes>
    <includes local="no">math.h</includes>
    <includes local="no">tf/transform_broadcaster.h</includes>
    <includes local="yes">geometry_msgs/PoseStamped.h</includes>
    <includes local="yes">geometry_msgs/Twist.h</includes>
    <includes local="yes">nav_msgs/Odometry.h</includes>
    <includes refid="solver_8h" local="yes">solver.h</includes>
    <includes refid="sensor_8h" local="yes">sensor.h</includes>
    <includes refid="mru_8h" local="yes">mru.h</includes>
    <includes refid="imu_8h" local="yes">imu.h</includes>
    <includes refid="gps_8h" local="yes">gps.h</includes>
    <includes refid="speedsensor_8h" local="yes">speedsensor.h</includes>
    <includedby refid="vesselnode_8h" local="yes">include/vesselnode.h</includedby>
    <includedby refid="unittest_8cpp" local="yes">src/unittest.cpp</includedby>
    <includedby refid="vessel_8cpp" local="yes">src/vessel.cpp</includedby>
    <incdepgraph>
      <node id="68">
        <label>solver.h</label>
        <link refid="solver_8h_source"/>
        <childnode refid="62" relation="include">
        </childnode>
      </node>
      <node id="64">
        <label>tf/transform_broadcaster.h</label>
      </node>
      <node id="70">
        <label>cmath</label>
      </node>
      <node id="67">
        <label>nav_msgs/Odometry.h</label>
      </node>
      <node id="74">
        <label>gps.h</label>
        <link refid="gps_8h_source"/>
        <childnode refid="69" relation="include">
        </childnode>
        <childnode refid="68" relation="include">
        </childnode>
      </node>
      <node id="62">
        <label>Eigen/Dense</label>
      </node>
      <node id="65">
        <label>geometry_msgs/PoseStamped.h</label>
      </node>
      <node id="66">
        <label>geometry_msgs/Twist.h</label>
      </node>
      <node id="73">
        <label>imu.h</label>
        <link refid="imu_8h_source"/>
        <childnode refid="69" relation="include">
        </childnode>
      </node>
      <node id="61">
        <label>ros/ros.h</label>
      </node>
      <node id="63">
        <label>math.h</label>
      </node>
      <node id="71">
        <label>simulator_prototype/Gps.h</label>
      </node>
      <node id="72">
        <label>mru.h</label>
        <link refid="mru_8h_source"/>
        <childnode refid="69" relation="include">
        </childnode>
      </node>
      <node id="60">
        <label>include/vessel.h</label>
        <link refid="vessel.h"/>
        <childnode refid="61" relation="include">
        </childnode>
        <childnode refid="62" relation="include">
        </childnode>
        <childnode refid="63" relation="include">
        </childnode>
        <childnode refid="64" relation="include">
        </childnode>
        <childnode refid="65" relation="include">
        </childnode>
        <childnode refid="66" relation="include">
        </childnode>
        <childnode refid="67" relation="include">
        </childnode>
        <childnode refid="68" relation="include">
        </childnode>
        <childnode refid="69" relation="include">
        </childnode>
        <childnode refid="72" relation="include">
        </childnode>
        <childnode refid="73" relation="include">
        </childnode>
        <childnode refid="74" relation="include">
        </childnode>
        <childnode refid="75" relation="include">
        </childnode>
      </node>
      <node id="75">
        <label>speedsensor.h</label>
        <link refid="speedsensor_8h_source"/>
        <childnode refid="69" relation="include">
        </childnode>
        <childnode refid="61" relation="include">
        </childnode>
      </node>
      <node id="69">
        <label>sensor.h</label>
        <link refid="sensor_8h_source"/>
        <childnode refid="70" relation="include">
        </childnode>
        <childnode refid="62" relation="include">
        </childnode>
        <childnode refid="61" relation="include">
        </childnode>
        <childnode refid="66" relation="include">
        </childnode>
        <childnode refid="71" relation="include">
        </childnode>
      </node>
    </incdepgraph>
    <invincdepgraph>
      <node id="77">
        <label>include/vesselnode.h</label>
        <link refid="vesselnode_8h_source"/>
      </node>
      <node id="76">
        <label>include/vessel.h</label>
        <link refid="vessel.h"/>
        <childnode refid="77" relation="include">
        </childnode>
      </node>
    </invincdepgraph>
    <innerclass refid="class_vessel" prot="public">Vessel</innerclass>
      <sectiondef kind="typedef">
      <memberdef kind="typedef" id="vessel_8h_1a9a7e99a03b37f2c868c52a89e95c38d5" prot="public" static="no">
        <type>Matrix&lt; double, 1, 2 &gt;</type>
        <definition>typedef Matrix&lt;double, 1, 2&gt; Vector2dH</definition>
        <argsstring></argsstring>
        <name>Vector2dH</name>
        <briefdescription>
        </briefdescription>
        <detaileddescription>
        </detaileddescription>
        <inbodydescription>
        </inbodydescription>
        <location file="include/vessel.h" line="18" column="1" bodyfile="include/vessel.h" bodystart="18" bodyend="-1"/>
      </memberdef>
      <memberdef kind="typedef" id="vessel_8h_1a94adaa5b3e3164d667d2d4fe1d0ef01d" prot="public" static="no">
        <type>Matrix&lt; double, 1, 3 &gt;</type>
        <definition>typedef Matrix&lt;double, 1, 3&gt; Vector3dH</definition>
        <argsstring></argsstring>
        <name>Vector3dH</name>
        <briefdescription>
        </briefdescription>
        <detaileddescription>
        </detaileddescription>
        <inbodydescription>
        </inbodydescription>
        <location file="include/vessel.h" line="19" column="1" bodyfile="include/vessel.h" bodystart="19" bodyend="-1"/>
      </memberdef>
      <memberdef kind="typedef" id="vessel_8h_1a9ee21cb987db8741adb9efd42a19f6c7" prot="public" static="no">
        <type>Matrix&lt; double, 4, 1 &gt;</type>
        <definition>typedef Matrix&lt;double, 4, 1&gt; Vector4d</definition>
        <argsstring></argsstring>
        <name>Vector4d</name>
        <briefdescription>
        </briefdescription>
        <detaileddescription>
        </detaileddescription>
        <inbodydescription>
        </inbodydescription>
        <location file="include/vessel.h" line="20" column="1" bodyfile="include/vessel.h" bodystart="20" bodyend="-1"/>
      </memberdef>
      <memberdef kind="typedef" id="vessel_8h_1a771f932b1342554c5c69e781d628f693" prot="public" static="no">
        <type>Matrix&lt; double, 1, 4 &gt;</type>
        <definition>typedef Matrix&lt;double, 1, 4&gt; Vector4dH</definition>
        <argsstring></argsstring>
        <name>Vector4dH</name>
        <briefdescription>
        </briefdescription>
        <detaileddescription>
        </detaileddescription>
        <inbodydescription>
        </inbodydescription>
        <location file="include/vessel.h" line="21" column="1" bodyfile="include/vessel.h" bodystart="21" bodyend="-1"/>
      </memberdef>
      <memberdef kind="typedef" id="vessel_8h_1a6bcde6b5bf81466c6d4c08c3368fe3d3" prot="public" static="no">
        <type>Matrix&lt; double, 5, 1 &gt;</type>
        <definition>typedef Matrix&lt;double, 5, 1&gt; Vector5d</definition>
        <argsstring></argsstring>
        <name>Vector5d</name>
        <briefdescription>
        </briefdescription>
        <detaileddescription>
        </detaileddescription>
        <inbodydescription>
        </inbodydescription>
        <location file="include/vessel.h" line="22" column="1" bodyfile="include/vessel.h" bodystart="22" bodyend="-1"/>
      </memberdef>
      <memberdef kind="typedef" id="vessel_8h_1a98c311f8f84d62784ec0499c9df9816d" prot="public" static="no">
        <type>Matrix&lt; double, 6, 1 &gt;</type>
        <definition>typedef Matrix&lt;double, 6, 1&gt; Vector6d</definition>
        <argsstring></argsstring>
        <name>Vector6d</name>
        <briefdescription>
        </briefdescription>
        <detaileddescription>
        </detaileddescription>
        <inbodydescription>
        </inbodydescription>
        <location file="include/vessel.h" line="23" column="1" bodyfile="include/vessel.h" bodystart="23" bodyend="-1"/>
      </memberdef>
      <memberdef kind="typedef" id="vessel_8h_1a2e6743f6fdf782cad42f9bece98f8031" prot="public" static="no">
        <type>Matrix&lt; double, 4, 4 &gt;</type>
        <definition>typedef Matrix&lt;double, 4, 4&gt; Matrix4d</definition>
        <argsstring></argsstring>
        <name>Matrix4d</name>
        <briefdescription>
        </briefdescription>
        <detaileddescription>
        </detaileddescription>
        <inbodydescription>
        </inbodydescription>
        <location file="include/vessel.h" line="24" column="1" bodyfile="include/vessel.h" bodystart="24" bodyend="-1"/>
      </memberdef>
      <memberdef kind="typedef" id="vessel_8h_1ae161b6d75e127a4f22c44b5f60dbf259" prot="public" static="no">
        <type>Matrix&lt; double, 5, 5 &gt;</type>
        <definition>typedef Matrix&lt;double, 5, 5&gt; Matrix5d</definition>
        <argsstring></argsstring>
        <name>Matrix5d</name>
        <briefdescription>
        </briefdescription>
        <detaileddescription>
        </detaileddescription>
        <inbodydescription>
        </inbodydescription>
        <location file="include/vessel.h" line="25" column="1" bodyfile="include/vessel.h" bodystart="25" bodyend="-1"/>
      </memberdef>
      <memberdef kind="typedef" id="vessel_8h_1a827d6fd2b568970038cb4c5628a806c4" prot="public" static="no">
        <type>Matrix&lt; double, 6, 6 &gt;</type>
        <definition>typedef Matrix&lt;double, 6, 6&gt; Matrix6d</definition>
        <argsstring></argsstring>
        <name>Matrix6d</name>
        <briefdescription>
        </briefdescription>
        <detaileddescription>
        </detaileddescription>
        <inbodydescription>
        </inbodydescription>
        <location file="include/vessel.h" line="26" column="1" bodyfile="include/vessel.h" bodystart="26" bodyend="-1"/>
      </memberdef>
      </sectiondef>
    <briefdescription>
    </briefdescription>
    <detaileddescription>
    </detaileddescription>
    <programlisting>
<codeline lineno="1"><highlight class="preprocessor">#ifndef<sp/>VESSEL_H</highlight><highlight class="normal"></highlight></codeline>
<codeline lineno="2"><highlight class="normal"></highlight><highlight class="preprocessor">#define<sp/>VESSEL_H</highlight><highlight class="normal"></highlight></codeline>
<codeline lineno="3"><highlight class="normal"></highlight><highlight class="preprocessor">#include<sp/>&quot;ros/ros.h&quot;</highlight><highlight class="normal"></highlight></codeline>
<codeline lineno="4"><highlight class="normal"></highlight><highlight class="preprocessor">#include<sp/>&lt;Eigen/Dense&gt;</highlight><highlight class="normal"></highlight></codeline>
<codeline lineno="5"><highlight class="normal"></highlight><highlight class="preprocessor">#include<sp/>&lt;math.h&gt;</highlight><highlight class="normal"></highlight></codeline>
<codeline lineno="6"><highlight class="normal"></highlight><highlight class="preprocessor">#include<sp/>&lt;tf/transform_broadcaster.h&gt;</highlight><highlight class="normal"></highlight></codeline>
<codeline lineno="7"><highlight class="normal"></highlight><highlight class="preprocessor">#include<sp/>&quot;geometry_msgs/PoseStamped.h&quot;</highlight><highlight class="normal"></highlight></codeline>
<codeline lineno="8"><highlight class="normal"></highlight><highlight class="preprocessor">#include<sp/>&quot;geometry_msgs/Twist.h&quot;</highlight><highlight class="normal"></highlight></codeline>
<codeline lineno="9"><highlight class="normal"></highlight><highlight class="preprocessor">#include<sp/>&quot;nav_msgs/Odometry.h&quot;</highlight><highlight class="normal"></highlight></codeline>
<codeline lineno="10"><highlight class="normal"></highlight><highlight class="preprocessor">#include<sp/>&quot;solver.h&quot;</highlight><highlight class="normal"></highlight></codeline>
<codeline lineno="11"><highlight class="normal"></highlight><highlight class="preprocessor">#include<sp/>&quot;sensor.h&quot;</highlight><highlight class="normal"></highlight></codeline>
<codeline lineno="12"><highlight class="normal"></highlight><highlight class="preprocessor">#include<sp/>&quot;mru.h&quot;</highlight><highlight class="normal"></highlight></codeline>
<codeline lineno="13"><highlight class="normal"></highlight><highlight class="preprocessor">#include<sp/>&quot;imu.h&quot;</highlight><highlight class="normal"></highlight></codeline>
<codeline lineno="14"><highlight class="normal"></highlight><highlight class="preprocessor">#include<sp/>&quot;gps.h&quot;</highlight><highlight class="normal"></highlight></codeline>
<codeline lineno="15"><highlight class="normal"></highlight><highlight class="preprocessor">#include<sp/>&quot;speedsensor.h&quot;</highlight><highlight class="normal"></highlight></codeline>
<codeline lineno="16"><highlight class="normal"></highlight></codeline>
<codeline lineno="17"><highlight class="normal"></highlight><highlight class="keyword">using<sp/>namespace<sp/></highlight><highlight class="normal"><ref refid="namespace_eigen" kindref="compound">Eigen</ref>;</highlight></codeline>
<codeline lineno="18"><highlight class="normal"></highlight><highlight class="keyword">typedef</highlight><highlight class="normal"><sp/>Matrix&lt;double,<sp/>1,<sp/>2&gt;<sp/>Vector2dH;</highlight></codeline>
<codeline lineno="19"><highlight class="normal"></highlight><highlight class="keyword">typedef</highlight><highlight class="normal"><sp/>Matrix&lt;double,<sp/>1,<sp/>3&gt;<sp/>Vector3dH;</highlight></codeline>
<codeline lineno="20"><highlight class="normal"></highlight><highlight class="keyword">typedef</highlight><highlight class="normal"><sp/>Matrix&lt;double,<sp/>4,<sp/>1&gt;<sp/>Vector4d;</highlight></codeline>
<codeline lineno="21"><highlight class="normal"></highlight><highlight class="keyword">typedef</highlight><highlight class="normal"><sp/>Matrix&lt;double,<sp/>1,<sp/>4&gt;<sp/>Vector4dH;</highlight></codeline>
<codeline lineno="22"><highlight class="normal"></highlight><highlight class="keyword">typedef</highlight><highlight class="normal"><sp/>Matrix&lt;double,<sp/>5,<sp/>1&gt;<sp/>Vector5d;</highlight></codeline>
<codeline lineno="23"><highlight class="normal"></highlight><highlight class="keyword">typedef</highlight><highlight class="normal"><sp/>Matrix&lt;double,<sp/>6,<sp/>1&gt;<sp/>Vector6d;</highlight></codeline>
<codeline lineno="24"><highlight class="normal"></highlight><highlight class="keyword">typedef</highlight><highlight class="normal"><sp/>Matrix&lt;double,<sp/>4,<sp/>4&gt;<sp/>Matrix4d;</highlight></codeline>
<codeline lineno="25"><highlight class="normal"></highlight><highlight class="keyword">typedef</highlight><highlight class="normal"><sp/>Matrix&lt;double,<sp/>5,<sp/>5&gt;<sp/>Matrix5d;</highlight></codeline>
<codeline lineno="26"><highlight class="normal"></highlight><highlight class="keyword">typedef</highlight><highlight class="normal"><sp/>Matrix&lt;double,<sp/>6,<sp/>6&gt;<sp/>Matrix6d;</highlight></codeline>
<codeline lineno="27"><highlight class="normal"></highlight></codeline>
<codeline lineno="28" refid="class_vessel" refkind="compound"><highlight class="normal"></highlight><highlight class="keyword">class<sp/></highlight><highlight class="normal"><ref refid="class_vessel" kindref="compound">Vessel</ref><sp/>{</highlight></codeline>
<codeline lineno="29"><highlight class="normal"></highlight></codeline>
<codeline lineno="30"><highlight class="normal"></highlight><highlight class="keyword">public</highlight><highlight class="normal">:</highlight></codeline>
<codeline lineno="31"><highlight class="normal"><sp/><sp/><ref refid="class_vessel" kindref="compound">Vessel</ref>();</highlight></codeline>
<codeline lineno="32"><highlight class="normal"><sp/><sp/>~<ref refid="class_vessel" kindref="compound">Vessel</ref>();</highlight></codeline>
<codeline lineno="33"><highlight class="normal"></highlight></codeline>
<codeline lineno="34"><highlight class="normal"><sp/><sp/></highlight><highlight class="comment">//<sp/>Returns<sp/>the<sp/>tau_control<sp/>vector,<sp/>used<sp/>for<sp/>testing<sp/>the</highlight><highlight class="normal"></highlight></codeline>
<codeline lineno="35"><highlight class="normal"><sp/><sp/></highlight><highlight class="comment">//<sp/>receiveThrust()-function.</highlight><highlight class="normal"></highlight></codeline>
<codeline lineno="36"><highlight class="normal"><sp/><sp/>Vector6d<sp/>getThrust();</highlight></codeline>
<codeline lineno="37"><highlight class="normal"></highlight></codeline>
<codeline lineno="38"><highlight class="normal"><sp/><sp/></highlight><highlight class="keywordtype">void</highlight><highlight class="normal"><sp/>setThrust(Vector6d<sp/>tau_in);</highlight></codeline>
<codeline lineno="39"><highlight class="normal"></highlight></codeline>
<codeline lineno="40"><highlight class="normal"><sp/><sp/></highlight><highlight class="comment">//<sp/>Reads<sp/>vessel<sp/>parameters<sp/>from<sp/>a<sp/>&lt;VesselName&gt;.yaml-file,<sp/>which<sp/>should<sp/>be</highlight><highlight class="normal"></highlight></codeline>
<codeline lineno="41"><highlight class="normal"><sp/><sp/></highlight><highlight class="comment">//<sp/>loaded<sp/>through<sp/>a<sp/>launch-file.<sp/>This<sp/>ensures<sp/>that<sp/>different<sp/>vessels<sp/>can</highlight><highlight class="normal"></highlight></codeline>
<codeline lineno="42"><highlight class="normal"><sp/><sp/></highlight><highlight class="comment">//<sp/>easily<sp/>be<sp/>simulated.</highlight><highlight class="normal"></highlight></codeline>
<codeline lineno="43"><highlight class="normal"><sp/><sp/></highlight><highlight class="keywordtype">bool</highlight><highlight class="normal"><sp/>readParameters(ros::NodeHandle<sp/>nh);</highlight></codeline>
<codeline lineno="44"><highlight class="normal"></highlight></codeline>
<codeline lineno="45"><highlight class="normal"><sp/><sp/></highlight><highlight class="comment">//<sp/>Fills<sp/>in<sp/>the<sp/>loaded<sp/>parameters<sp/>in<sp/>the<sp/>M_rb,<sp/>M_a,<sp/>M,<sp/>M_inv<sp/>and<sp/>G<sp/>matrices,</highlight><highlight class="normal"></highlight></codeline>
<codeline lineno="46"><highlight class="normal"><sp/><sp/></highlight><highlight class="comment">//<sp/>as<sp/>these<sp/>are<sp/>constant.</highlight><highlight class="normal"></highlight></codeline>
<codeline lineno="47"><highlight class="normal"><sp/><sp/></highlight><highlight class="keywordtype">void</highlight><highlight class="normal"><sp/>initializeMatrices();</highlight></codeline>
<codeline lineno="48"><highlight class="normal"></highlight></codeline>
<codeline lineno="49"><highlight class="normal"><sp/><sp/></highlight><highlight class="keywordtype">void</highlight><highlight class="normal"><sp/>initializeStateVectors();</highlight></codeline>
<codeline lineno="50"><highlight class="normal"></highlight></codeline>
<codeline lineno="51"><highlight class="normal"><sp/><sp/></highlight><highlight class="keywordtype">void</highlight><highlight class="normal"><sp/>initializeSensors();</highlight></codeline>
<codeline lineno="52"><highlight class="normal"></highlight></codeline>
<codeline lineno="53"><highlight class="normal"><sp/><sp/></highlight><highlight class="comment">//<sp/>Performs<sp/>one<sp/>step<sp/>in<sp/>the<sp/>simulation</highlight><highlight class="normal"></highlight></codeline>
<codeline lineno="54"><highlight class="normal"><sp/><sp/></highlight><highlight class="keywordtype">void</highlight><highlight class="normal"><sp/>step();</highlight></codeline>
<codeline lineno="55"><highlight class="normal"></highlight></codeline>
<codeline lineno="56"><highlight class="normal"><sp/><sp/></highlight><highlight class="comment">//<sp/>Returns<sp/>stepsize<sp/>used<sp/>in<sp/>solver.</highlight><highlight class="normal"></highlight></codeline>
<codeline lineno="57"><highlight class="normal"><sp/><sp/></highlight><highlight class="keywordtype">double</highlight><highlight class="normal"><sp/>getDT();</highlight></codeline>
<codeline lineno="58"><highlight class="normal"></highlight></codeline>
<codeline lineno="59"><highlight class="normal"><sp/><sp/></highlight><highlight class="comment">//<sp/>Sets<sp/>new<sp/>states<sp/>for<sp/>the<sp/>vessel.<sp/>Could<sp/>be<sp/>useful<sp/>for<sp/>launching<sp/>the<sp/>vessel<sp/>to</highlight><highlight class="normal"></highlight></codeline>
<codeline lineno="60"><highlight class="normal"><sp/><sp/></highlight><highlight class="comment">//<sp/>start<sp/>at<sp/>a<sp/>given<sp/>position<sp/>in<sp/>a<sp/>map.</highlight><highlight class="normal"></highlight></codeline>
<codeline lineno="61"><highlight class="normal"><sp/><sp/></highlight><highlight class="keywordtype">void</highlight><highlight class="normal"><sp/>setState(Vector6d<sp/>eta,<sp/>Vector6d<sp/>nu);</highlight></codeline>
<codeline lineno="62"><highlight class="normal"></highlight></codeline>
<codeline lineno="63"><highlight class="normal"><sp/><sp/></highlight><highlight class="keywordtype">void</highlight><highlight class="normal"><sp/>getState(Vector6d<sp/>&amp;eta,<sp/>Vector6d<sp/>&amp;nu);</highlight></codeline>
<codeline lineno="64"><highlight class="normal"></highlight></codeline>
<codeline lineno="65"><highlight class="normal"><sp/><sp/></highlight><highlight class="keywordtype">double</highlight><highlight class="normal"><sp/>M_det;</highlight></codeline>
<codeline lineno="66"><highlight class="normal"></highlight></codeline>
<codeline lineno="67"><highlight class="normal"></highlight><highlight class="keyword">private</highlight><highlight class="normal">:</highlight></codeline>
<codeline lineno="68"><highlight class="normal"><sp/><sp/><ref refid="class_numerical_solver" kindref="compound">NumericalSolver</ref><sp/>solver;</highlight></codeline>
<codeline lineno="69"><highlight class="normal"></highlight></codeline>
<codeline lineno="70"><highlight class="normal"><sp/><sp/></highlight><highlight class="comment">//<sp/>Sensors<sp/>on<sp/>the<sp/>vessel</highlight><highlight class="normal"></highlight></codeline>
<codeline lineno="71"><highlight class="normal"><sp/><sp/><ref refid="class_i_m_u" kindref="compound">IMU</ref><sp/>imu;</highlight></codeline>
<codeline lineno="72"><highlight class="normal"><sp/><sp/><ref refid="class_g_p_s" kindref="compound">GPS</ref><sp/>gps;</highlight></codeline>
<codeline lineno="73"><highlight class="normal"><sp/><sp/><ref refid="class_m_r_u" kindref="compound">MRU</ref><sp/>mru;</highlight></codeline>
<codeline lineno="74"><highlight class="normal"><sp/><sp/><ref refid="class_speed_sensor" kindref="compound">SpeedSensor</ref><sp/>speedSensor;</highlight></codeline>
<codeline lineno="75"><highlight class="normal"></highlight></codeline>
<codeline lineno="76"><highlight class="normal"><sp/><sp/></highlight><highlight class="comment">//<sp/>A<sp/>set<sp/>of<sp/>state<sp/>vectors,<sp/>relative<sp/>to<sp/>different<sp/>coordinate<sp/>frames.</highlight><highlight class="normal"></highlight></codeline>
<codeline lineno="77"><highlight class="normal"><sp/><sp/>Vector6d<sp/>eta,<sp/>nu,<sp/>nu_r,<sp/>nu_c_b,<sp/>nu_c_n,<sp/>nu_dot,<sp/>delta_nu,<sp/>mu;</highlight></codeline>
<codeline lineno="78"><highlight class="normal"><sp/><sp/></highlight><highlight class="comment">//<sp/>Velocity<sp/>in<sp/>NED,<sp/>used<sp/>for<sp/>GPS-position.</highlight><highlight class="normal"></highlight></codeline>
<codeline lineno="79"><highlight class="normal"><sp/><sp/>Vector6d<sp/>nu_n;</highlight></codeline>
<codeline lineno="80"><highlight class="normal"><sp/><sp/></highlight><highlight class="comment">//<sp/>A<sp/>set<sp/>of<sp/>different<sp/>force<sp/>vectors,<sp/>used<sp/>to<sp/>represent<sp/>forces<sp/>from<sp/>thrusters</highlight><highlight class="normal"></highlight></codeline>
<codeline lineno="81"><highlight class="normal"><sp/><sp/></highlight><highlight class="comment">//<sp/>and<sp/>environmental<sp/>forces</highlight><highlight class="normal"></highlight></codeline>
<codeline lineno="82"><highlight class="normal"><sp/><sp/>Vector6d<sp/>tau_control,<sp/>tau_wind,<sp/>tau_current,<sp/>tau_waves,<sp/>tau_total;</highlight></codeline>
<codeline lineno="83"><highlight class="normal"></highlight></codeline>
<codeline lineno="84"><highlight class="normal"><sp/><sp/></highlight><highlight class="comment">//<sp/>Necessary<sp/>matrices<sp/>to<sp/>model<sp/>the<sp/>vessel</highlight><highlight class="normal"></highlight></codeline>
<codeline lineno="85"><highlight class="normal"><sp/><sp/>Matrix6d<sp/>M_rb,<sp/>M_a,<sp/>M,<sp/>M_inv,<sp/>C,<sp/>C_a,<sp/>C_rb,<sp/>D,<sp/>J,<sp/>G;</highlight></codeline>
<codeline lineno="86"><highlight class="normal"></highlight></codeline>
<codeline lineno="87"><highlight class="normal"><sp/><sp/></highlight><highlight class="comment">//<sp/>Fluid<sp/>memory<sp/>matrices.<sp/>Large<sp/>system,<sp/>quite<sp/>heavy<sp/>on<sp/>calculation</highlight><highlight class="normal"></highlight></codeline>
<codeline lineno="88"><highlight class="normal"><sp/><sp/>Matrix4d<sp/>A_11,<sp/>A_22,<sp/>A_33,<sp/>A_55,<sp/>A_66,<sp/>A_53,<sp/>A_35;</highlight></codeline>
<codeline lineno="89"><highlight class="normal"><sp/><sp/>Matrix3d<sp/>A_44,<sp/>A_24,<sp/>A_42;</highlight></codeline>
<codeline lineno="90"><highlight class="normal"><sp/><sp/>Matrix2d<sp/>A_26,<sp/>A_46,<sp/>A_62,<sp/>A_64;</highlight></codeline>
<codeline lineno="91"><highlight class="normal"></highlight></codeline>
<codeline lineno="92"><highlight class="normal"><sp/><sp/>Vector4d<sp/>B_11,<sp/>B_22,<sp/>B_33,<sp/>B_55,<sp/>B_66,<sp/>B_53,<sp/>B_35;</highlight></codeline>
<codeline lineno="93"><highlight class="normal"><sp/><sp/>Vector3d<sp/>B_44,<sp/>B_24,<sp/>B_42;</highlight></codeline>
<codeline lineno="94"><highlight class="normal"><sp/><sp/>Vector2d<sp/>B_26,<sp/>B_46,<sp/>B_62,<sp/>B_64;</highlight></codeline>
<codeline lineno="95"><highlight class="normal"></highlight></codeline>
<codeline lineno="96"><highlight class="normal"><sp/><sp/>Vector4dH<sp/>C_11,<sp/>C_22,<sp/>C_33,<sp/>C_55,<sp/>C_66,<sp/>C_53,<sp/>C_35;</highlight></codeline>
<codeline lineno="97"><highlight class="normal"><sp/><sp/>Vector3dH<sp/>C_44,<sp/>C_24,<sp/>C_42;</highlight></codeline>
<codeline lineno="98"><highlight class="normal"><sp/><sp/>Vector2dH<sp/>C_26,<sp/>C_46,<sp/>C_62,<sp/>C_64;</highlight></codeline>
<codeline lineno="99"><highlight class="normal"></highlight></codeline>
<codeline lineno="100"><highlight class="normal"><sp/><sp/>Vector4d<sp/>x_11,<sp/>x_22,<sp/>x_33,<sp/>x_55,<sp/>x_66,<sp/>x_53,<sp/>x_35;</highlight></codeline>
<codeline lineno="101"><highlight class="normal"><sp/><sp/>Vector3d<sp/>x_44,<sp/>x_24,<sp/>x_42;</highlight></codeline>
<codeline lineno="102"><highlight class="normal"><sp/><sp/>Vector2d<sp/>x_26,<sp/>x_46,<sp/>x_62,<sp/>x_64;</highlight></codeline>
<codeline lineno="103"><highlight class="normal"></highlight></codeline>
<codeline lineno="104"><highlight class="normal"><sp/><sp/></highlight><highlight class="comment">//<sp/>Step<sp/>size<sp/>for<sp/>solver</highlight><highlight class="normal"></highlight></codeline>
<codeline lineno="105"><highlight class="normal"><sp/><sp/></highlight><highlight class="keywordtype">double</highlight><highlight class="normal"><sp/>dt;</highlight></codeline>
<codeline lineno="106"><highlight class="normal"></highlight></codeline>
<codeline lineno="107"><highlight class="normal"><sp/><sp/></highlight><highlight class="keywordtype">void</highlight><highlight class="normal"><sp/>publishSensorData();</highlight></codeline>
<codeline lineno="108"><highlight class="normal"></highlight></codeline>
<codeline lineno="109"><highlight class="normal"><sp/><sp/></highlight><highlight class="keywordtype">void</highlight><highlight class="normal"><sp/>initializeFluidMemoryMatrices();</highlight></codeline>
<codeline lineno="110"><highlight class="normal"></highlight></codeline>
<codeline lineno="111"><highlight class="normal"><sp/><sp/></highlight><highlight class="keywordtype">void</highlight><highlight class="normal"><sp/>calculateFluidMemoryEffects();</highlight></codeline>
<codeline lineno="112"><highlight class="normal"></highlight></codeline>
<codeline lineno="113"><highlight class="normal"><sp/><sp/></highlight><highlight class="comment">//<sp/>Receives<sp/>thrust<sp/>messages</highlight><highlight class="normal"></highlight></codeline>
<codeline lineno="114"><highlight class="normal"><sp/><sp/></highlight><highlight class="comment">//void<sp/>receiveThrust(const<sp/>geometry_msgs::Twist::ConstPtr<sp/>&amp;thrust_msg);</highlight><highlight class="normal"></highlight></codeline>
<codeline lineno="115"><highlight class="normal"></highlight></codeline>
<codeline lineno="116"><highlight class="normal"><sp/><sp/></highlight><highlight class="comment">//<sp/>Mass<sp/>and<sp/>inertia</highlight><highlight class="normal"></highlight></codeline>
<codeline lineno="117"><highlight class="normal"><sp/><sp/></highlight><highlight class="keywordtype">double</highlight><highlight class="normal"><sp/>m_11,<sp/>m_12,<sp/>m_13,<sp/>m_14,<sp/>m_15,<sp/>m_16,<sp/>m_21,<sp/>m_22,<sp/>m_23,<sp/>m_24,<sp/>m_25,<sp/>m_26,</highlight></codeline>
<codeline lineno="118"><highlight class="normal"><sp/><sp/><sp/><sp/><sp/><sp/>m_31,<sp/>m_32,<sp/>m_33,<sp/>m_34,<sp/>m_35,<sp/>m_36,<sp/>m_41,<sp/>m_42,<sp/>m_43,<sp/>m_44,<sp/>m_45,<sp/>m_46,</highlight></codeline>
<codeline lineno="119"><highlight class="normal"><sp/><sp/><sp/><sp/><sp/><sp/>m_51,<sp/>m_52,<sp/>m_53,<sp/>m_54,<sp/>m_55,<sp/>m_56,<sp/>m_61,<sp/>m_62,<sp/>m_63,<sp/>m_64,<sp/>m_65,<sp/>m_66;</highlight></codeline>
<codeline lineno="120"><highlight class="normal"></highlight></codeline>
<codeline lineno="121"><highlight class="normal"><sp/><sp/></highlight><highlight class="comment">//<sp/>Added<sp/>mass</highlight><highlight class="normal"></highlight></codeline>
<codeline lineno="122"><highlight class="normal"><sp/><sp/></highlight><highlight class="keywordtype">double</highlight><highlight class="normal"><sp/>X_u_dot,<sp/>X_v_dot,<sp/>X_w_dot,<sp/>X_p_dot,<sp/>X_q_dot,<sp/>X_r_dot,<sp/>Y_u_dot,<sp/>Y_v_dot,</highlight></codeline>
<codeline lineno="123"><highlight class="normal"><sp/><sp/><sp/><sp/><sp/><sp/>Y_w_dot,<sp/>Y_p_dot,<sp/>Y_q_dot,<sp/>Y_r_dot,<sp/>Z_u_dot,<sp/>Z_v_dot,<sp/>Z_w_dot,<sp/>Z_p_dot,</highlight></codeline>
<codeline lineno="124"><highlight class="normal"><sp/><sp/><sp/><sp/><sp/><sp/>Z_q_dot,<sp/>Z_r_dot,<sp/>K_u_dot,<sp/>K_v_dot,<sp/>K_w_dot,<sp/>K_p_dot,<sp/>K_q_dot,<sp/>K_r_dot,</highlight></codeline>
<codeline lineno="125"><highlight class="normal"><sp/><sp/><sp/><sp/><sp/><sp/>M_u_dot,<sp/>M_v_dot,<sp/>M_w_dot,<sp/>M_p_dot,<sp/>M_q_dot,<sp/>M_r_dot,<sp/>N_u_dot,<sp/>N_v_dot,</highlight></codeline>
<codeline lineno="126"><highlight class="normal"><sp/><sp/><sp/><sp/><sp/><sp/>N_w_dot,<sp/>N_p_dot,<sp/>N_q_dot,<sp/>N_r_dot;</highlight></codeline>
<codeline lineno="127"><highlight class="normal"></highlight></codeline>
<codeline lineno="128"><highlight class="normal"><sp/><sp/></highlight><highlight class="keywordtype">double</highlight><highlight class="normal"><sp/>C_rb_26,<sp/>C_rb_35,<sp/>C_rb_46,<sp/>C_a_26,<sp/>C_a_35,<sp/>C_a_46,<sp/>C_a_55,<sp/>C_a_66;</highlight></codeline>
<codeline lineno="129"><highlight class="normal"></highlight></codeline>
<codeline lineno="130"><highlight class="normal"><sp/><sp/></highlight><highlight class="comment">//<sp/>Center<sp/>of<sp/>gravity</highlight><highlight class="normal"></highlight></codeline>
<codeline lineno="131"><highlight class="normal"><sp/><sp/></highlight><highlight class="keywordtype">double</highlight><highlight class="normal"><sp/>x_g,<sp/>y_g,<sp/>z_g;</highlight></codeline>
<codeline lineno="132"><highlight class="normal"></highlight></codeline>
<codeline lineno="133"><highlight class="normal"><sp/><sp/></highlight><highlight class="comment">//<sp/>Restoring<sp/>forces</highlight><highlight class="normal"></highlight></codeline>
<codeline lineno="134"><highlight class="normal"><sp/><sp/></highlight><highlight class="keywordtype">double</highlight><highlight class="normal"><sp/>Z_z,<sp/>Z_theta,<sp/>K_phi,<sp/>M_z,<sp/>M_theta;</highlight></codeline>
<codeline lineno="135"><highlight class="normal"></highlight></codeline>
<codeline lineno="136"><highlight class="normal"><sp/><sp/></highlight><highlight class="comment">//<sp/>Damping<sp/>parameters</highlight><highlight class="normal"></highlight></codeline>
<codeline lineno="137"><highlight class="normal"><sp/><sp/></highlight><highlight class="keywordtype">double</highlight><highlight class="normal"><sp/>X_u,<sp/>X_v,<sp/>Y_v,<sp/>Y_r,<sp/>N_v,<sp/>N_r,<sp/>K_p,<sp/>Z_w,<sp/>M_q,<sp/>M_r,<sp/>K_r,<sp/>Z_q;</highlight></codeline>
<codeline lineno="138"><highlight class="normal"><sp/><sp/></highlight><highlight class="keywordtype">double</highlight><highlight class="normal"><sp/>X_uu,<sp/>X_uuu,<sp/>X_vv,<sp/>X_vvv,<sp/>Y_vv,<sp/>Y_vvv,<sp/>Y_rr,<sp/>Y_rrr,<sp/>Y_rv,<sp/>Y_vr,<sp/>N_rr,</highlight></codeline>
<codeline lineno="139"><highlight class="normal"><sp/><sp/><sp/><sp/><sp/><sp/>N_rrr,<sp/>N_vv,<sp/>N_vvv,<sp/>N_rv,<sp/>N_vr,<sp/>M_qq;</highlight></codeline>
<codeline lineno="140"><highlight class="normal"></highlight></codeline>
<codeline lineno="141"><highlight class="normal"><sp/><sp/></highlight><highlight class="comment">//<sp/>Other</highlight><highlight class="normal"></highlight></codeline>
<codeline lineno="142"><highlight class="normal"><sp/><sp/></highlight><highlight class="keywordtype">double</highlight><highlight class="normal"><sp/>K_thruster,<sp/>L_pp;</highlight></codeline>
<codeline lineno="143"><highlight class="normal"><sp/><sp/></highlight><highlight class="keywordtype">double</highlight><highlight class="normal"><sp/>surge_max;</highlight></codeline>
<codeline lineno="144"><highlight class="normal"></highlight></codeline>
<codeline lineno="145"><highlight class="normal"><sp/><sp/></highlight><highlight class="comment">//<sp/>Update<sp/>frequency<sp/>for<sp/>onboard<sp/>sensors.</highlight><highlight class="normal"></highlight></codeline>
<codeline lineno="146"><highlight class="normal"><sp/><sp/></highlight><highlight class="keywordtype">double</highlight><highlight class="normal"><sp/>gps_frequency,<sp/>mru_frequency,<sp/>imu_frequency,<sp/>speed_sensor_frequency;</highlight></codeline>
<codeline lineno="147"><highlight class="normal"></highlight></codeline>
<codeline lineno="148"><highlight class="normal"><sp/><sp/></highlight><highlight class="comment">//<sp/>Starting<sp/>position<sp/>in<sp/>lat/long</highlight><highlight class="normal"></highlight></codeline>
<codeline lineno="149"><highlight class="normal"><sp/><sp/></highlight><highlight class="keywordtype">double</highlight><highlight class="normal"><sp/>start_latitude,<sp/>start_longitude;</highlight></codeline>
<codeline lineno="150"><highlight class="normal"></highlight></codeline>
<codeline lineno="151"><highlight class="normal"><sp/><sp/></highlight><highlight class="comment">//<sp/>The<sp/>damping,<sp/>coriolis<sp/>and<sp/>rotation<sp/>matrix<sp/>are<sp/>dependent<sp/>of<sp/>the<sp/>vessel</highlight><highlight class="normal"></highlight></codeline>
<codeline lineno="152"><highlight class="normal"><sp/><sp/></highlight><highlight class="comment">//<sp/>state,<sp/>and<sp/>needs<sp/>to<sp/>be<sp/>updated<sp/>for<sp/>each<sp/>step</highlight><highlight class="normal"></highlight></codeline>
<codeline lineno="153"><highlight class="normal"><sp/><sp/></highlight><highlight class="keywordtype">void</highlight><highlight class="normal"><sp/>updateMatrices();</highlight></codeline>
<codeline lineno="154"><highlight class="normal"></highlight></codeline>
<codeline lineno="155"><highlight class="normal"><sp/><sp/></highlight><highlight class="comment">//<sp/>Contains<sp/>the<sp/>kinematics,<sp/>eta_dot<sp/>=<sp/>J(eta)*nu</highlight><highlight class="normal"></highlight></codeline>
<codeline lineno="156"><highlight class="normal"><sp/><sp/>Vector6d<sp/>etaFunction(Vector6d<sp/>nu_in);</highlight></codeline>
<codeline lineno="157"><highlight class="normal"></highlight></codeline>
<codeline lineno="158"><highlight class="normal"><sp/><sp/></highlight><highlight class="comment">//<sp/>Contains<sp/>the<sp/>kinetics<sp/>equation,<sp/>nu_dot<sp/>=<sp/>-M_inv*(C*nu+D*nu+G*eta-tau_total)</highlight><highlight class="normal"></highlight></codeline>
<codeline lineno="159"><highlight class="normal"><sp/><sp/>Vector6d<sp/>nuFunction(Vector6d<sp/>nu_in);</highlight></codeline>
<codeline lineno="160"><highlight class="normal"></highlight></codeline>
<codeline lineno="161"><highlight class="normal"><sp/><sp/></highlight><highlight class="comment">//<sp/>Uses<sp/>the<sp/>solver<sp/>and<sp/>etaFunction()<sp/>to<sp/>calculate<sp/>next<sp/>eta</highlight><highlight class="normal"></highlight></codeline>
<codeline lineno="162"><highlight class="normal"><sp/><sp/></highlight><highlight class="keywordtype">void</highlight><highlight class="normal"><sp/>calculateNextEta();</highlight></codeline>
<codeline lineno="163"><highlight class="normal"></highlight></codeline>
<codeline lineno="164"><highlight class="normal"><sp/><sp/></highlight><highlight class="comment">//<sp/>Uses<sp/>the<sp/>solver<sp/>and<sp/>nuFunction()<sp/>to<sp/>calculate<sp/>next<sp/>nu</highlight><highlight class="normal"></highlight></codeline>
<codeline lineno="165"><highlight class="normal"><sp/><sp/></highlight><highlight class="keywordtype">void</highlight><highlight class="normal"><sp/>calculateNextNu();</highlight></codeline>
<codeline lineno="166"><highlight class="normal">};</highlight></codeline>
<codeline lineno="167"><highlight class="normal"></highlight></codeline>
<codeline lineno="168"><highlight class="normal"></highlight><highlight class="preprocessor">#endif</highlight></codeline>
    </programlisting>
    <location file="include/vessel.h"/>
  </compounddef>
</doxygen>
