<?xml version='1.0' encoding='UTF-8' standalone='no'?>
<doxygen xmlns:xsi="http://www.w3.org/2001/XMLSchema-instance" xsi:noNamespaceSchemaLocation="compound.xsd" version="1.8.11">
  <compounddef id="weather_8cpp" kind="file" language="C++">
    <compoundname>weather.cpp</compoundname>
    <includes refid="weather_8h" local="yes">weather.h</includes>
    <incdepgraph>
      <node id="224">
        <label>weather.h</label>
        <link refid="weather_8h_source"/>
        <childnode refid="225" relation="include">
        </childnode>
      </node>
      <node id="225">
        <label>Eigen/Dense</label>
      </node>
      <node id="223">
        <label>src/weather.cpp</label>
        <link refid="weather.cpp"/>
        <childnode refid="224" relation="include">
        </childnode>
      </node>
    </incdepgraph>
    <briefdescription>
    </briefdescription>
    <detaileddescription>
    </detaileddescription>
    <programlisting>
<codeline lineno="1"><highlight class="preprocessor">#include<sp/>&quot;weather.h&quot;</highlight><highlight class="normal"></highlight></codeline>
<codeline lineno="2"><highlight class="normal"></highlight></codeline>
<codeline lineno="3"><highlight class="normal">Weather::Weather()<sp/>{}</highlight></codeline>
<codeline lineno="4"><highlight class="normal"></highlight></codeline>
<codeline lineno="5"><highlight class="normal">Weather::~Weather()<sp/>{}</highlight></codeline>
<codeline lineno="6"><highlight class="normal"></highlight></codeline>
<codeline lineno="7"><highlight class="normal">Weather::SetMeanWindSpeedAtHeight(</highlight><highlight class="keywordtype">double</highlight><highlight class="normal"><sp/>U_10,<sp/></highlight><highlight class="keywordtype">double</highlight><highlight class="normal"><sp/>z)<sp/>{</highlight></codeline>
<codeline lineno="8"><highlight class="normal"><sp/><sp/>wind_mean_speed<sp/>=<sp/>U_10<sp/>*<sp/>(5<sp/>/<sp/>2)<sp/>*<sp/>sqrt(kappa)<sp/>*</highlight></codeline>
<codeline lineno="9"><highlight class="normal"><sp/><sp/><sp/><sp/><sp/><sp/><sp/><sp/><sp/><sp/><sp/><sp/><sp/><sp/><sp/><sp/><sp/><sp/><sp/><sp/>std::log(z<sp/>/<sp/>(10<sp/>*<sp/>pow(e,<sp/>-2<sp/>/<sp/>(5<sp/>*<sp/>sqrt(kappa)))));</highlight></codeline>
<codeline lineno="10"><highlight class="normal">}</highlight></codeline>
<codeline lineno="11"><highlight class="normal"></highlight></codeline>
<codeline lineno="12"><highlight class="normal">Weather::UpdateWindSpeed()<sp/>{<sp/>wind_speed<sp/>}</highlight></codeline>
    </programlisting>
    <location file="src/weather.cpp"/>
  </compounddef>
</doxygen>
